Image.Name,Moon.Phase,Temp,SnowDepth,Camera,ImagePath,Period
2013-01-09 14-40-39 M 1_1.JPG,Waning Crescent,19,29,BearEllsOpen,,1
2013-01-10 12-00-00 T.JPG,New Moon,-8,28,BearEllsOpen,,1
2013-01-11 12-00-00 T.JPG,New Moon,7,28,BearEllsOpen,,1
2013-01-12 12-00-00 T.JPG,New Moon,-9,28,BearEllsOpen,,1
2013-01-13 12-00-00 T.JPG,New Moon,-22,27,BearEllsOpen,,1
2013-01-14 12-00-00 T.JPG,Waxing Crescent,6,27,BearEllsOpen,,1
2013-01-15 12-00-00 T.JPG,Waxing Crescent,5,30,BearEllsOpen,,1
2013-01-16 12-00-00 T.JPG,Waxing Crescent,-2,31,BearEllsOpen,,2
2013-01-17 12-00-00 T.JPG,Waxing Crescent,-6,31,BearEllsOpen,,2
2013-01-18 12-00-00 T.JPG,First Quarter,4,37,BearEllsOpen,,2
2013-01-19 12-00-00 T.JPG,First Quarter,-11,37,BearEllsOpen,,2
2013-01-20 12-00-00 T.JPG,First Quarter,-17,38,BearEllsOpen,,2
2013-01-21 12-00-00 T.JPG,Waxing Gibbous,-10,37,BearEllsOpen,,2
2013-01-22 12-00-00 T.JPG,Waxing Gibbous,-11,37,BearEllsOpen,,2
2013-01-23 12-00-00 T.JPG,Waxing Gibbous,-19,36,BearEllsOpen,,2
2013-01-24 12-00-00 T.JPG,Waxing Gibbous,-1,42,BearEllsOpen,,2
2013-01-25 12-00-00 T.JPG,Full Moon,-4,41,BearEllsOpen,,2
2013-01-26 12-00-00 T.JPG,Full Moon,8,41,BearEllsOpen,,2
2013-01-27 12-00-00 T.JPG,Full Moon,2,40,BearEllsOpen,,2
2013-01-28 12-00-00 T.JPG,Full Moon,-6,45,BearEllsOpen,,2
2013-01-29 12-00-00 T.JPG,Waning Gibbous,-19,45,BearEllsOpen,,2
2013-01-30 12-00-00 T.JPG,Waning Gibbous,-19,45,BearEllsOpen,,2
2013-01-31 12-00-00 T.JPG,Waning Gibbous,-13,42,BearEllsOpen,,2
2013-02-01 12-00-00 T.JPG,Last Quarter,-1,41,BearEllsOpen,,3
2013-02-02 12-00-00 T.JPG,Last Quarter,-1,48,BearEllsOpen,,3
2013-02-03 12-00-00 T.JPG,Last Quarter,0,50,BearEllsOpen,,3
2013-02-04 12-00-00 T.JPG,Last Quarter,12,51,BearEllsOpen,,3
2013-02-05 12-00-00 T.JPG,Waning Crescent,6,51,BearEllsOpen,,3
2013-02-06 12-00-00 T.JPG,Waning Crescent,6,49,BearEllsOpen,,3
2013-02-07 12-00-00 T.JPG,Waning Crescent,18,50,BearEllsOpen,,3
2013-02-08 12-00-00 T.JPG,Waning Crescent,26,48,BearEllsOpen,,3
2013-02-09 12-00-00 T.JPG,New Moon,26,46,BearEllsOpen,,3
2013-02-10 12-00-00 T.JPG,New Moon,18,45,BearEllsOpen,,3
2013-02-11 12-00-00 T.JPG,New Moon,38,41,BearEllsOpen,,3
2013-02-12 12-00-00 T.JPG,New Moon,33,41,BearEllsOpen,,3
2013-02-13 12-00-00 T.JPG,Waxing Crescent,22,41,BearEllsOpen,,3
2013-02-14 12-00-00 T.JPG,Waxing Crescent,27,41,BearEllsOpen,,3
2013-02-15 12-00-00 T.JPG,Waxing Crescent,27,40,BearEllsOpen,,3
2013-02-16 12-00-00 T.JPG,First Quarter,44,39,BearEllsOpen,,4
2013-02-17 12-00-00 T.JPG,First Quarter,14,39,BearEllsOpen,,4
2013-02-18 12-00-00 T.JPG,First Quarter,12,38,BearEllsOpen,,4
2013-02-19 12-00-00 T.JPG,First Quarter,7,43,BearEllsOpen,,4
2013-03-16 12-00-00 T.JPG,Waxing Crescent,12,70,BTWNClosed,,6
2013-03-17 12-00-00 T.JPG,Waxing Crescent,23,70,BTWNClosed,,6
2013-03-18 12-00-00 T.JPG,First Quarter,24,70,BTWNClosed,,6
2013-03-19 12-00-00 T.JPG,First Quarter,35,70,BTWNClosed,,6
2013-03-20 12-00-00 T.JPG,First Quarter,26,70,BTWNClosed,,6
2013-03-21 12-00-00 T.JPG,First Quarter,19,75,BTWNClosed,,6
2013-03-22 12-00-00 T.JPG,Waxing Gibbous,28,81,BTWNClosed,,6
2013-03-23 12-00-00 T.JPG,Waxing Gibbous,36,81,BTWNClosed,,6
2013-03-24 12-00-00 T.JPG,Waxing Gibbous,45,80,BTWNClosed,,6
2013-01-13 13-14-50 M 1_1.JPG,New Moon,1,55,BTWNClosed,,1
2013-01-14 12-00-00 T.JPG,Waxing Crescent,2,53,BTWNClosed,,1
2013-01-15 12-00-00 T.JPG,Waxing Crescent,4,56,BTWNClosed,,1
2013-01-16 12-00-00 T.JPG,Waxing Crescent,-3,57,BTWNClosed,,2
2013-01-17 12-00-00 T.JPG,Waxing Crescent,-7,57,BTWNClosed,,2
2013-01-18 12-00-00 T.JPG,First Quarter,1,62,BTWNClosed,,2
2013-01-19 12-00-00 T.JPG,First Quarter,-12,62,BTWNClosed,,2
2013-01-20 12-00-00 T.JPG,First Quarter,-17,63,BTWNClosed,,2
2013-01-21 12-00-00 T.JPG,Waxing Gibbous,-10,62,BTWNClosed,,2
2013-01-22 12-00-00 T.JPG,Waxing Gibbous,-6,62,BTWNClosed,,2
2013-01-23 12-00-00 T.JPG,Waxing Gibbous,-17,62,BTWNClosed,,2
2013-01-24 12-00-00 T.JPG,Waxing Gibbous,-2,68,BTWNClosed,,2
2013-01-25 12-00-00 T.JPG,Full Moon,-1,67,BTWNClosed,,2
2013-01-26 12-00-00 T.JPG,Full Moon,5,67,BTWNClosed,,2
2013-01-27 12-00-00 T.JPG,Full Moon,5,66,BTWNClosed,,2
2013-01-28 12-00-00 T.JPG,Full Moon,-8,71,BTWNClosed,,2
2013-01-29 12-00-00 T.JPG,Waning Gibbous,-14,73,BTWNClosed,,2
2013-01-30 12-00-00 T.JPG,Waning Gibbous,-14,73,BTWNClosed,,2
2013-01-31 12-00-00 T.JPG,Waning Gibbous,-16,73,BTWNClosed,,2
2013-02-01 12-00-00 T.JPG,Last Quarter,-2,73,BTWNClosed,,3
2013-02-02 12-00-00 T.JPG,Last Quarter,-3,79,BTWNClosed,,3
2013-02-03 12-00-00 T.JPG,Last Quarter,-2,80,BTWNClosed,,3
2013-02-04 12-00-00 T.JPG,Last Quarter,12,82,BTWNClosed,,3
2013-02-05 12-00-00 T.JPG,Waning Crescent,9,82,BTWNClosed,,3
2013-02-06 12-00-00 T.JPG,Waning Crescent,3,81,BTWNClosed,,3
2013-02-07 12-00-00 T.JPG,Waning Crescent,17,81,BTWNClosed,,3
2013-02-08 12-00-00 T.JPG,Waning Crescent,33,79,BTWNClosed,,3
2013-02-09 12-00-00 T.JPG,New Moon,25,78,BTWNClosed,,3
2013-02-10 12-00-00 T.JPG,New Moon,19,77,BTWNClosed,,3
2013-02-11 12-00-00 T.JPG,New Moon,42,75,BTWNClosed,,3
2013-02-12 12-00-00 T.JPG,New Moon,38,74,BTWNClosed,,3
2013-02-13 12-00-00 T.JPG,Waxing Crescent,23,73,BTWNClosed,,3
2013-02-14 12-00-00 T.JPG,Waxing Crescent,27,72,BTWNClosed,,3
2013-02-15 12-00-00 T.JPG,Waxing Crescent,28,71,BTWNClosed,,3
2013-02-16 12-00-00 T.JPG,First Quarter,48,70,BTWNClosed,,4
2013-02-17 12-00-00 T.JPG,First Quarter,17,69,BTWNClosed,,4
2013-02-18 12-00-00 T.JPG,First Quarter,14,69,BTWNClosed,,4
2013-02-19 12-00-00 T.JPG,First Quarter,3,74,BTWNClosed,,4
2013-02-20 12-00-00 T.JPG,Waxing Gibbous,18,75,BTWNClosed,,4
2013-02-21 12-00-00 T.JPG,Waxing Gibbous,25,75,BTWNClosed,,4
2013-02-22 12-00-00 T.JPG,Waxing Gibbous,30,73,BTWNClosed,,4
2013-02-23 12-00-00 T.JPG,Waxing Gibbous,36,72,BTWNClosed,,4
2013-02-24 12-00-00 T.JPG,Full Moon,36,71,BTWNClosed,,4
2013-02-25 12-00-00 T.JPG,Full Moon,40,72,BTWNClosed,,4
2013-02-26 12-00-00 T.JPG,Full Moon,25,71,BTWNClosed,,4
2013-02-27 12-00-00 T.JPG,Waning Gibbous,24,70,BTWNClosed,,4
2013-02-28 12-00-00 T.JPG,Waning Gibbous,38,70,BTWNClosed,,4
2013-03-01 12-00-00 T.JPG,Waning Gibbous,38,70,BTWNClosed,,5
2013-03-02 12-00-00 T.JPG,Waning Gibbous,47,69,BTWNClosed,,5
2013-03-03 12-00-00 T.JPG,Last Quarter,26,67,BTWNClosed,,5
2013-03-04 12-00-00 T.JPG,Last Quarter,21,67,BTWNClosed,,5
2013-03-05 12-00-00 T.JPG,Last Quarter,24,67,BTWNClosed,,5
2013-03-06 12-00-00 T.JPG,Last Quarter,7,67,BTWNClosed,,5
2013-03-07 12-00-00 T.JPG,Waning Crescent,20,67,BTWNClosed,,5
2013-03-08 12-00-00 T.JPG,Waning Crescent,33,67,BTWNClosed,,5
2013-03-09 12-00-00 T.JPG,Waning Crescent,25,67,BTWNClosed,,5
2013-03-10 12-00-00 T.JPG,New Moon,36,67,BTWNClosed,,5
2013-03-11 12-00-00 T.JPG,New Moon,31,69,BTWNClosed,,5
2013-03-12 12-00-00 T.JPG,New Moon,22,69,BTWNClosed,,5
2013-03-13 12-00-00 T.JPG,New Moon,3,69,BTWNClosed,,5
2013-03-14 12-00-00 T.JPG,Waxing Crescent,15,69,BTWNClosed,,5
2013-03-15 12-00-00 T.JPG,Waxing Crescent,15,70,BTWNClosed,,5
2013-01-13 13-04-01 M 1_1.JPG,,-1,50,BTWNOpen,,1
2013-01-14 12-00-00 T.JPG,,2,50,BTWNOpen,,1
2013-01-15 12-00-00 T.JPG,,4,50,BTWNOpen,,1
2013-01-16 12-00-00 T.JPG,,-3,50,BTWNOpen,,2
2013-01-17 12-00-00 T.JPG,,-7,50,BTWNOpen,,2
2013-01-18 12-00-00 T.JPG,,1,56,BTWNOpen,,2
2013-01-19 12-00-00 T.JPG,,-12,56,BTWNOpen,,2
2013-01-20 12-00-00 T.JPG,,-18,56,BTWNOpen,,2
2013-01-21 12-00-00 T.JPG,,-10,56,BTWNOpen,,2
2013-01-22 12-00-00 T.JPG,,-9,56,BTWNOpen,,2
2013-01-23 12-00-00 T.JPG,,-18,55,BTWNOpen,,2
2013-01-24 12-00-00 T.JPG,,-3,60,BTWNOpen,,2
2013-01-25 12-00-00 T.JPG,,0,60,BTWNOpen,,2
2013-01-26 12-00-00 T.JPG,,5,60,BTWNOpen,,2
2013-01-27 12-00-00 T.JPG,,3,59,BTWNOpen,,2
2013-01-28 12-00-00 T.JPG,,-8,62,BTWNOpen,,2
2013-01-29 12-00-00 T.JPG,,-20,65,BTWNOpen,,2
2013-01-30 12-00-00 T.JPG,,-19,65,BTWNOpen,,2
2013-02-22 12-00-00 T.JPG,,31,65,BTWNOpen,,4
2013-02-23 12-00-00 T.JPG,,36,63,BTWNOpen,,4
2013-02-24 12-00-00 T.JPG,,33,61,BTWNOpen,,4
2013-02-25 12-00-00 T.JPG,,37,63,BTWNOpen,,4
2013-02-26 12-00-00 T.JPG,,25,62,BTWNOpen,,4
2013-02-27 12-00-00 T.JPG,,23,60,BTWNOpen,,4
2013-02-28 12-00-00 T.JPG,,36,60,BTWNOpen,,4
2013-03-01 12-00-00 T.JPG,,38,60,BTWNOpen,,5
2013-03-02 12-00-00 T.JPG,,50,60,BTWNOpen,,5
2013-03-03 12-00-00 T.JPG,,25,60,BTWNOpen,,5
2013-03-04 12-00-00 T.JPG,,19,57,BTWNOpen,,5
2013-03-05 12-00-00 T.JPG,,23,57,BTWNOpen,,5
2013-03-06 12-00-00 T.JPG,,7,55,BTWNOpen,,5
2013-03-07 12-00-00 T.JPG,,19,55,BTWNOpen,,5
2013-03-08 12-00-00 T.JPG,,30,55,BTWNOpen,,5
2013-03-09 12-00-00 T.JPG,,24,55,BTWNOpen,,5
2013-03-10 12-00-00 T.JPG,,37,55,BTWNOpen,,5
2013-03-11 12-00-00 T.JPG,,31,57,BTWNOpen,,5
2013-03-12 12-00-00 T.JPG,,21,56,BTWNOpen,,5
2013-03-13 12-00-00 T.JPG,,3,56,BTWNOpen,,5
2013-03-14 12-00-00 T.JPG,,15,58,BTWNOpen,,5
2013-03-15 12-00-00 T.JPG,,16,59,BTWNOpen,,5
2013-03-16 12-00-00 T.JPG,,10,59,BTWNOpen,,6
2013-03-17 12-00-00 T.JPG,,21,59,BTWNOpen,,6
2013-03-18 12-00-00 T.JPG,,24,59,BTWNOpen,,6
2013-03-19 12-00-00 T.JPG,,34,59,BTWNOpen,,6
2013-03-20 12-00-00 T.JPG,,24,58,BTWNOpen,,6
2013-03-21 12-00-00 T.JPG,,17,63,BTWNOpen,,6
2013-03-22 12-00-00 T.JPG,,26,70,BTWNOpen,,6
2013-03-23 12-00-00 T.JPG,,36,70,BTWNOpen,,6
2013-03-24 12-00-00 T.JPG,,45,69,BTWNOpen,,6
2013-01-10 15-00-00 T.JPG,New Moon,8,30,CL1Closed,,1
2013-01-11 12-00-00 T.JPG,New Moon,2,30,CL1Closed,,1
2013-01-12 12-00-00 T.JPG,New Moon,1,30,CL1Closed,,1
2013-01-13 12-00-00 T.JPG,New Moon,-11,30,CL1Closed,,1
2013-01-14 12-00-00 T.JPG,Waxing Crescent,3,30,CL1Closed,,1
2013-01-15 12-00-00 T.JPG,Waxing Crescent,6,32,CL1Closed,,1
2013-01-16 12-00-00 T.JPG,Waxing Crescent,-2,35,CL1Closed,,2
2013-01-17 12-00-00 T.JPG,Waxing Crescent,-5,35,CL1Closed,,2
2013-01-18 12-00-00 T.JPG,First Quarter,1,38,CL1Closed,,2
2013-01-19 12-00-00 T.JPG,First Quarter,-16,38,CL1Closed,,2
2013-01-20 12-00-00 T.JPG,First Quarter,-21,37,CL1Closed,,2
2013-01-21 12-00-00 T.JPG,Waxing Gibbous,-14,37,CL1Closed,,2
2013-01-22 12-00-00 T.JPG,Waxing Gibbous,-14,36,CL1Closed,,2
2013-01-23 12-00-00 T.JPG,Waxing Gibbous,-17,36,CL1Closed,,2
2013-01-24 12-00-00 T.JPG,Waxing Gibbous,-4,43,CL1Closed,,2
2013-01-25 12-00-00 T.JPG,Full Moon,-6,41,CL1Closed,,2
2013-01-26 12-00-00 T.JPG,Full Moon,7,41,CL1Closed,,2
2013-01-27 12-00-00 T.JPG,Full Moon,10,41,CL1Closed,,2
2013-01-28 12-00-00 T.JPG,Full Moon,-8,41,CL1Closed,,2
2013-01-29 12-00-00 T.JPG,Waning Gibbous,-22,45,CL1Closed,,2
2013-01-30 12-00-00 T.JPG,Waning Gibbous,-24,45,CL1Closed,,2
2013-01-31 12-00-00 T.JPG,Waning Gibbous,-18,43,CL1Closed,,2
2013-02-01 12-00-00 T.JPG,Last Quarter,-3,43,CL1Closed,,3
2013-02-02 12-00-00 T.JPG,Last Quarter,-2,46,CL1Closed,,3
2013-02-03 12-00-00 T.JPG,Last Quarter,1,48,CL1Closed,,3
2013-02-04 12-00-00 T.JPG,Last Quarter,8,50,CL1Closed,,3
2013-02-05 12-00-00 T.JPG,Waning Crescent,5,50,CL1Closed,,3
2013-02-06 12-00-00 T.JPG,Waning Crescent,5,48,CL1Closed,,3
2013-02-07 12-00-00 T.JPG,Waning Crescent,14,48,CL1Closed,,3
2013-02-08 12-00-00 T.JPG,Waning Crescent,20,46,CL1Closed,,3
2013-02-09 12-00-00 T.JPG,New Moon,23,48,CL1Closed,,3
2013-02-10 12-00-00 T.JPG,New Moon,12,47,CL1Closed,,3
2013-02-11 12-00-00 T.JPG,New Moon,30,46,CL1Closed,,3
2013-02-12 12-00-00 T.JPG,New Moon,27,45,CL1Closed,,3
2013-02-13 12-00-00 T.JPG,Waxing Crescent,18,45,CL1Closed,,3
2013-02-14 11-00-00 T.JPG,Waxing Crescent,16,45,CL1Closed,,3
2013-02-15 12-00-00 T.JPG,Waxing Crescent,25,45,CL1Closed,,3
2013-02-16 12-00-00 T.JPG,First Quarter,31,45,CL1Closed,,4
2013-02-17 12-00-00 T.JPG,First Quarter,12,43,CL1Closed,,4
2013-02-18 12-00-00 T.JPG,First Quarter,7,43,CL1Closed,,4
2013-02-19 12-00-00 T.JPG,First Quarter,4,45,CL1Closed,,4
2013-02-20 12-00-00 T.JPG,Waxing Gibbous,10,45,CL1Closed,,4
2013-02-21 12-00-00 T.JPG,Waxing Gibbous,19,45,CL1Closed,,4
2013-02-22 12-00-00 T.JPG,Waxing Gibbous,20,45,CL1Closed,,4
2013-02-23 12-00-00 T.JPG,Waxing Gibbous,25,43,CL1Closed,,4
2013-02-24 12-00-00 T.JPG,Full Moon,24,43,CL1Closed,,4
2013-02-25 12-00-00 T.JPG,Full Moon,23,43,CL1Closed,,4
2013-02-26 12-00-00 T.JPG,Full Moon,18,42,CL1Closed,,4
2013-02-27 12-00-00 T.JPG,Waning Gibbous,24,42,CL1Closed,,4
2013-02-28 12-00-00 T.JPG,Waning Gibbous,27,41,CL1Closed,,4
2013-03-01 12-00-00 T.JPG,Waning Gibbous,38,41,CL1Closed,,5
2013-03-02 12-00-00 T.JPG,Waning Gibbous,34,40,CL1Closed,,5
2013-03-03 12-00-00 T.JPG,Last Quarter,27,40,CL1Closed,,5
2013-03-04 12-00-00 T.JPG,Last Quarter,17,40,CL1Closed,,5
2013-03-05 12-00-00 T.JPG,Last Quarter,23,40,CL1Closed,,5
2013-03-06 12-00-00 T.JPG,Last Quarter,10,40,CL1Closed,,5
2013-03-07 12-00-00 T.JPG,Waning Crescent,5,40,CL1Closed,,5
2013-03-08 12-00-00 T.JPG,Waning Crescent,20,40,CL1Closed,,5
2013-03-09 12-00-00 T.JPG,Waning Crescent,15,40,CL1Closed,,5
2013-03-10 12-00-00 T.JPG,New Moon,32,40,CL1Closed,,5
2013-03-11 12-00-00 T.JPG,New Moon,25,40,CL1Closed,,5
2013-03-12 12-00-00 T.JPG,New Moon,25,40,CL1Closed,,5
2013-03-13 12-00-00 T.JPG,New Moon,-1,41,CL1Closed,,5
2013-03-14 12-00-00 T.JPG,Waxing Crescent,1,43,CL1Closed,,5
2013-03-15 12-00-00 T.JPG,Waxing Crescent,3,45,CL1Closed,,5
2013-03-16 12-00-00 T.JPG,Waxing Crescent,1,45,CL1Closed,,6
2013-03-17 12-00-00 T.JPG,Waxing Crescent,7,45,CL1Closed,,6
2013-03-18 12-00-00 T.JPG,First Quarter,14,45,CL1Closed,,6
2013-01-10 14-12-21 M 1_1.JPG,New Moon,18,30,CL1Open,,1
2013-01-11 12-00-00 T.JPG,New Moon,1,30,CL1Open,,1
2013-01-12 12-00-00 T.JPG,New Moon,0,30,CL1Open,,1
2013-01-13 12-00-00 T.JPG,New Moon,-12,30,CL1Open,,1
2013-01-14 12-00-00 T.JPG,Waxing Crescent,2,30,CL1Open,,1
2013-01-15 12-00-00 T.JPG,Waxing Crescent,5,34,CL1Open,,1
2013-01-16 12-00-00 T.JPG,Waxing Crescent,-3,36,CL1Open,,2
2013-01-17 12-00-00 T.JPG,Waxing Crescent,-6,36,CL1Open,,2
2013-01-18 12-00-00 T.JPG,First Quarter,0,40,CL1Open,,2
2013-01-19 12-00-00 T.JPG,First Quarter,-16,40,CL1Open,,2
2013-01-20 12-00-00 T.JPG,First Quarter,-24,40,CL1Open,,2
2013-01-21 12-00-00 T.JPG,Waxing Gibbous,-14,40,CL1Open,,2
2013-01-22 12-00-00 T.JPG,Waxing Gibbous,-16,40,CL1Open,,2
2013-01-23 12-00-00 T.JPG,Waxing Gibbous,-19,40,CL1Open,,2
2013-01-24 12-00-00 T.JPG,Waxing Gibbous,-4,50,CL1Open,,2
2013-01-25 12-00-00 T.JPG,Full Moon,-6,50,CL1Open,,2
2013-01-26 12-00-00 T.JPG,Full Moon,7,50,CL1Open,,2
2013-01-27 12-00-00 T.JPG,Full Moon,9,48,CL1Open,,2
2013-01-28 12-00-00 T.JPG,Full Moon,-10,50,CL1Open,,2
2013-01-29 12-00-00 T.JPG,Waning Gibbous,-25,52,CL1Open,,2
2013-01-30 12-00-00 T.JPG,Waning Gibbous,-26,51,CL1Open,,2
2013-01-31 12-00-00 T.JPG,Waning Gibbous,-18,50,CL1Open,,2
2013-02-01 12-00-00 T.JPG,Last Quarter,-2,50,CL1Open,,3
2013-02-02 12-00-00 T.JPG,Last Quarter,-2,52,CL1Open,,3
2013-02-03 12-00-00 T.JPG,Last Quarter,1,53,CL1Open,,3
2013-02-04 12-00-00 T.JPG,Last Quarter,8,57,CL1Open,,3
2013-02-05 12-00-00 T.JPG,Waning Crescent,5,56,CL1Open,,3
2013-02-06 12-00-00 T.JPG,Waning Crescent,5,54,CL1Open,,3
2013-02-07 12-00-00 T.JPG,Waning Crescent,15,53,CL1Open,,3
2013-02-08 12-00-00 T.JPG,Waning Crescent,17,50,CL1Open,,3
2013-02-09 12-00-00 T.JPG,New Moon,22,51,CL1Open,,3
2013-02-10 12-00-00 T.JPG,New Moon,10,50,CL1Open,,3
2013-02-11 12-00-00 T.JPG,New Moon,30,49,CL1Open,,3
2013-02-12 12-00-00 T.JPG,New Moon,24,48,CL1Open,,3
2013-02-13 12-00-00 T.JPG,Waxing Crescent,16,48,CL1Open,,3
2013-02-14 12-00-00 T.JPG,Waxing Crescent,20,47,CL1Open,,3
2013-02-15 12-00-00 T.JPG,Waxing Crescent,25,47,CL1Open,,3
2013-02-16 12-00-00 T.JPG,First Quarter,29,45,CL1Open,,4
2013-02-17 12-00-00 T.JPG,First Quarter,10,45,CL1Open,,4
2013-02-18 12-00-00 T.JPG,First Quarter,4,43,CL1Open,,4
2013-02-19 12-00-00 T.JPG,First Quarter,5,47,CL1Open,,4
2013-02-20 12-00-00 T.JPG,Waxing Gibbous,8,48,CL1Open,,4
2013-02-21 12-00-00 T.JPG,Waxing Gibbous,19,47,CL1Open,,4
2013-02-22 12-00-00 T.JPG,Waxing Gibbous,15,45,CL1Open,,4
2013-02-23 11-00-00 T.JPG,Waxing Gibbous,18,45,CL1Open,,4
2013-01-10 14-42-04 M 1_1.JPG,New Moon,27,18,CL3Closed,,1
2013-01-11 12-00-00 T.JPG,New Moon,1,18,CL3Closed,,1
2013-01-12 12-00-00 T.JPG,New Moon,0,18,CL3Closed,,1
2013-01-13 12-00-00 T.JPG,New Moon,-11,18,CL3Closed,,1
2013-01-14 12-00-00 T.JPG,Waxing Crescent,5,18,CL3Closed,,1
2013-01-15 12-00-00 T.JPG,Waxing Crescent,7,18,CL3Closed,,1
2013-01-16 12-00-00 T.JPG,Waxing Crescent,-2,19,CL3Closed,,2
2013-01-17 12-00-00 T.JPG,Waxing Crescent,-4,19,CL3Closed,,2
2013-01-18 12-00-00 T.JPG,First Quarter,1,20,CL3Closed,,2
2013-01-19 12-00-00 T.JPG,First Quarter,-15,20,CL3Closed,,2
2013-01-20 12-00-00 T.JPG,First Quarter,-17,20,CL3Closed,,2
2013-01-21 12-00-00 T.JPG,Waxing Gibbous,-14,20,CL3Closed,,2
2013-01-22 12-00-00 T.JPG,Waxing Gibbous,-12,20,CL3Closed,,2
2013-01-23 12-00-00 T.JPG,Waxing Gibbous,-16,20,CL3Closed,,2
2013-01-24 12-00-00 T.JPG,Waxing Gibbous,-5,25,CL3Closed,,2
2013-01-25 12-00-00 T.JPG,Full Moon,0,25,CL3Closed,,2
2013-01-26 12-00-00 T.JPG,Full Moon,7,25,CL3Closed,,2
2013-01-27 12-00-00 T.JPG,Full Moon,13,24,CL3Closed,,2
2013-01-28 12-00-00 T.JPG,Full Moon,-8,25,CL3Closed,,2
2013-01-29 12-00-00 T.JPG,Waning Gibbous,-22,26,CL3Closed,,2
2013-01-30 12-00-00 T.JPG,Waning Gibbous,-22,26,CL3Closed,,2
2013-01-31 12-00-00 T.JPG,Waning Gibbous,-17,25,CL3Closed,,2
2013-02-01 12-00-00 T.JPG,Last Quarter,-3,25,CL3Closed,,3
2013-02-02 12-00-00 T.JPG,Last Quarter,-2,28,CL3Closed,,3
2013-02-03 12-00-00 T.JPG,Last Quarter,-1,29,CL3Closed,,3
2013-02-04 12-00-00 T.JPG,Last Quarter,6,29,CL3Closed,,3
2013-02-05 12-00-00 T.JPG,Waning Crescent,5,29,CL3Closed,,3
2013-02-06 12-00-00 T.JPG,Waning Crescent,4,29,CL3Closed,,3
2013-02-07 12-00-00 T.JPG,Waning Crescent,14,29,CL3Closed,,3
2013-02-08 12-00-00 T.JPG,Waning Crescent,23,28,CL3Closed,,3
2013-02-09 12-00-00 T.JPG,New Moon,23,29,CL3Closed,,3
2013-02-10 12-00-00 T.JPG,New Moon,12,29,CL3Closed,,3
2013-02-11 12-00-00 T.JPG,New Moon,33,28,CL3Closed,,3
2013-02-12 12-00-00 T.JPG,New Moon,31,25,CL3Closed,,3
2013-02-13 12-00-00 T.JPG,Waxing Crescent,19,25,CL3Closed,,3
2013-02-14 12-00-00 T.JPG,Waxing Crescent,19,25,CL3Closed,,3
2013-02-15 12-00-00 T.JPG,Waxing Crescent,23,25,CL3Closed,,3
2013-02-16 12-00-00 T.JPG,First Quarter,35,25,CL3Closed,,4
2013-02-17 12-00-00 T.JPG,First Quarter,14,24,CL3Closed,,4
2013-02-18 12-00-00 T.JPG,First Quarter,8,23,CL3Closed,,4
2013-02-19 12-00-00 T.JPG,First Quarter,3,25,CL3Closed,,4
2013-02-20 12-00-00 T.JPG,Waxing Gibbous,11,25,CL3Closed,,4
2013-02-21 12-00-00 T.JPG,Waxing Gibbous,18,25,CL3Closed,,4
2013-02-22 12-00-00 T.JPG,Waxing Gibbous,19,23,CL3Closed,,4
2013-02-23 12-00-00 T.JPG,Waxing Gibbous,24,23,CL3Closed,,4
2013-02-24 12-00-00 T.JPG,Full Moon,23,21,CL3Closed,,4
2013-02-25 12-00-00 T.JPG,Full Moon,23,21,CL3Closed,,4
2013-02-26 12-00-00 T.JPG,Full Moon,20,21,CL3Closed,,4
2013-02-27 12-00-00 T.JPG,Waning Gibbous,24,21,CL3Closed,,4
2013-02-28 12-00-00 T.JPG,Waning Gibbous,26,21,CL3Closed,,4
2013-03-01 12-00-00 T.JPG,Waning Gibbous,39,20,CL3Closed,,5
2013-03-02 12-00-00 T.JPG,Waning Gibbous,33,20,CL3Closed,,5
2013-03-03 12-00-00 T.JPG,Last Quarter,28,20,CL3Closed,,5
2013-03-04 12-00-00 T.JPG,Last Quarter,16,20,CL3Closed,,5
2013-03-05 12-00-00 T.JPG,Last Quarter,23,20,CL3Closed,,5
2013-03-06 12-00-00 T.JPG,Last Quarter,10,20,CL3Closed,,5
2013-03-07 12-00-00 T.JPG,Waning Crescent,3,20,CL3Closed,,5
2013-03-08 12-00-00 T.JPG,Waning Crescent,17,20,CL3Closed,,5
2013-03-09 12-00-00 T.JPG,Waning Crescent,12,19,CL3Closed,,5
2013-03-10 12-00-00 T.JPG,New Moon,36,19,CL3Closed,,5
2013-03-11 12-00-00 T.JPG,New Moon,23,19,CL3Closed,,5
2013-03-12 12-00-00 T.JPG,New Moon,25,19,CL3Closed,,5
2013-03-13 12-00-00 T.JPG,New Moon,-1,19,CL3Closed,,5
2013-03-14 12-00-00 T.JPG,Waxing Crescent,-1,20,CL3Closed,,5
2013-03-15 12-00-00 T.JPG,Waxing Crescent,1,20,CL3Closed,,5
2013-03-16 12-00-00 T.JPG,Waxing Crescent,-1,20,CL3Closed,,6
2013-03-17 12-00-00 T.JPG,Waxing Crescent,3,20,CL3Closed,,6
2013-03-18 12-00-00 T.JPG,First Quarter,10,20,CL3Closed,,6
2013-01-10 15-00-00 T.JPG,New Moon,12,40,CL3Open,,1
2013-01-11 12-00-00 T.JPG,New Moon,5,40,CL3Open,,1
2013-01-12 12-00-00 T.JPG,New Moon,3,40,CL3Open,,1
2013-01-13 12-00-00 T.JPG,New Moon,-7,40,CL3Open,,1
2013-01-14 12-00-00 T.JPG,Waxing Crescent,9,40,CL3Open,,1
2013-01-15 12-00-00 T.JPG,Waxing Crescent,8,46,CL3Open,,1
2013-01-16 12-00-00 T.JPG,Waxing Crescent,1,49,CL3Open,,2
2013-01-17 12-00-00 T.JPG,Waxing Crescent,-1,48,CL3Open,,2
2013-01-18 12-00-00 T.JPG,First Quarter,5,52,CL3Open,,2
2013-01-19 12-00-00 T.JPG,First Quarter,-9,51,CL3Open,,2
2013-01-20 12-00-00 T.JPG,First Quarter,-12,51,CL3Open,,2
2013-01-21 12-00-00 T.JPG,Waxing Gibbous,-8,51,CL3Open,,2
2013-01-22 12-00-00 T.JPG,Waxing Gibbous,-3,51,CL3Open,,2
2013-01-23 12-00-00 T.JPG,Waxing Gibbous,-11,51,CL3Open,,2
2013-01-24 12-00-00 T.JPG,Waxing Gibbous,-1,60,CL3Open,,2
2013-01-25 12-00-00 T.JPG,Full Moon,4,60,CL3Open,,2
2013-01-26 12-00-00 T.JPG,Full Moon,11,60,CL3Open,,2
2013-01-27 12-00-00 T.JPG,Full Moon,22,59,CL3Open,,2
2013-01-28 12-00-00 T.JPG,Full Moon,-6,62,CL3Open,,2
2013-01-29 12-00-00 T.JPG,Waning Gibbous,-16,62,CL3Open,,2
2013-01-30 12-00-00 T.JPG,Waning Gibbous,-14,62,CL3Open,,2
2013-01-31 12-00-00 T.JPG,Waning Gibbous,-12,65,CL3Open,,2
2013-02-01 12-00-00 T.JPG,Last Quarter,2,65,CL3Open,,3
2013-02-02 12-00-00 T.JPG,Last Quarter,2,69,CL3Open,,3
2013-02-03 12-00-00 T.JPG,Last Quarter,6,71,CL3Open,,3
2013-02-04 12-00-00 T.JPG,Last Quarter,13,75,CL3Open,,3
2013-02-05 12-00-00 T.JPG,Waning Crescent,9,75,CL3Open,,3
2013-02-06 12-00-00 T.JPG,Waning Crescent,9,73,CL3Open,,3
2013-02-07 12-00-00 T.JPG,Waning Crescent,20,72,CL3Open,,3
2013-02-08 12-00-00 T.JPG,Waning Crescent,31,70,CL3Open,,3
2013-02-09 12-00-00 T.JPG,New Moon,28,70,CL3Open,,3
2013-02-10 12-00-00 T.JPG,New Moon,22,69,CL3Open,,3
2013-02-11 12-00-00 T.JPG,New Moon,37,67,CL3Open,,3
2013-02-12 12-00-00 T.JPG,New Moon,38,65,CL3Open,,3
2013-02-13 12-00-00 T.JPG,Waxing Crescent,21,63,CL3Open,,3
2013-02-14 12-00-00 T.JPG,Waxing Crescent,25,65,CL3Open,,3
2013-02-15 12-00-00 T.JPG,Waxing Crescent,32,65,CL3Open,,3
2013-02-16 12-00-00 T.JPG,First Quarter,40,62,CL3Open,,4
2013-02-17 12-00-00 T.JPG,First Quarter,18,61,CL3Open,,4
2013-02-18 12-00-00 T.JPG,First Quarter,15,63,CL3Open,,4
2013-02-19 12-00-00 T.JPG,First Quarter,8,65,CL3Open,,4
2013-02-20 12-00-00 T.JPG,Waxing Gibbous,19,65,CL3Open,,4
2013-02-21 12-00-00 T.JPG,Waxing Gibbous,25,63,CL3Open,,4
2013-02-22 12-00-00 T.JPG,Waxing Gibbous,28,63,CL3Open,,4
2013-02-23 12-00-00 T.JPG,Waxing Gibbous,34,60,CL3Open,,4
2013-02-24 12-00-00 T.JPG,Full Moon,34,58,CL3Open,,4
2013-02-25 12-00-00 T.JPG,Full Moon,31,58,CL3Open,,4
2013-02-26 12-00-00 T.JPG,Full Moon,30,58,CL3Open,,4
2013-02-27 12-00-00 T.JPG,Waning Gibbous,32,57,CL3Open,,4
2013-02-28 12-00-00 T.JPG,Waning Gibbous,37,57,CL3Open,,4
2013-03-01 12-00-00 T.JPG,Waning Gibbous,45,56,CL3Open,,5
2013-03-02 12-00-00 T.JPG,Waning Gibbous,42,55,CL3Open,,5
2013-03-03 12-00-00 T.JPG,Last Quarter,32,54,CL3Open,,5
2013-03-04 12-00-00 T.JPG,Last Quarter,21,55,CL3Open,,5
2013-03-05 12-00-00 T.JPG,Last Quarter,33,54,CL3Open,,5
2013-03-06 12-00-00 T.JPG,Last Quarter,17,53,CL3Open,,5
2013-03-07 12-00-00 T.JPG,Waning Crescent,10,53,CL3Open,,5
2013-03-08 12-00-00 T.JPG,Waning Crescent,29,52,CL3Open,,5
2013-03-09 12-00-00 T.JPG,Waning Crescent,20,54,CL3Open,,5
2013-03-10 12-00-00 T.JPG,New Moon,42,55,CL3Open,,5
2013-03-11 12-00-00 T.JPG,New Moon,31,55,CL3Open,,5
2013-03-12 12-00-00 T.JPG,New Moon,36,54,CL3Open,,5
2013-03-13 12-00-00 T.JPG,New Moon,4,56,CL3Open,,5
2013-03-14 12-00-00 T.JPG,Waxing Crescent,8,58,CL3Open,,5
2013-03-15 12-00-00 T.JPG,Waxing Crescent,9,59,CL3Open,,5
2013-03-16 12-00-00 T.JPG,Waxing Crescent,10,59,CL3Open,,6
2013-03-17 12-00-00 T.JPG,Waxing Crescent,10,59,CL3Open,,6
2013-03-18 12-00-00 T.JPG,First Quarter,19,58,CL3Open,,6
2013-01-13 13-00-00 T.JPG,New Moon,3,30,ClearClosed,C:\Users\Holger\Pictures\RECONYX Images\2010\SnowCam_Clear_Closed\2013-01-13 13-00-00 T.JPG,1
2013-01-14 12-00-00 T.JPG,Waxing Crescent,0,30,ClearClosed,C:\Users\Holger\Pictures\RECONYX Images\2010\SnowCam_Clear_Closed\2013-01-14 12-00-00 T.JPG,1
2013-01-15 12-00-00 T.JPG,Waxing Crescent,9,30,ClearClosed,C:\Users\Holger\Pictures\RECONYX Images\2010\SnowCam_Clear_Closed\2013-01-15 12-00-00 T.JPG,1
2013-01-16 12-00-00 T.JPG,Waxing Crescent,0,33,ClearClosed,C:\Users\Holger\Pictures\RECONYX Images\2010\SnowCam_Clear_Closed\2013-01-16 12-00-00 T.JPG,2
2013-01-17 14-00-00 T.JPG,Waxing Crescent,-6,36,ClearClosed,C:\Users\Holger\Pictures\RECONYX Images\2010\SnowCam_Clear_Closed\2013-01-17 14-00-00 T.JPG,2
2013-01-18 14-00-00 T.JPG,First Quarter,4,36,ClearClosed,C:\Users\Holger\Pictures\RECONYX Images\2010\SnowCam_Clear_Closed\2013-01-18 14-00-00 T.JPG,2
2013-01-20 14-00-00 T.JPG,First Quarter,-18,36,ClearClosed,C:\Users\Holger\Pictures\RECONYX Images\2010\SnowCam_Clear_Closed\2013-01-20 14-00-00 T.JPG,2
2013-01-21 15-00-00 T.JPG,Waxing Gibbous,-14,36,ClearClosed,C:\Users\Holger\Pictures\RECONYX Images\2010\SnowCam_Clear_Closed\2013-01-21 15-00-00 T.JPG,2
2013-01-22 15-00-00 T.JPG,Waxing Gibbous,-8,42,ClearClosed,C:\Users\Holger\Pictures\RECONYX Images\2010\SnowCam_Clear_Closed\2013-01-22 15-00-00 T.JPG,2
2013-01-23 14-00-00 T.JPG,Waxing Gibbous,-13,42,ClearClosed,C:\Users\Holger\Pictures\RECONYX Images\2010\SnowCam_Clear_Closed\2013-01-23 14-00-00 T.JPG,2
2013-01-24 14-00-00 T.JPG,Waxing Gibbous,-3,42,ClearClosed,C:\Users\Holger\Pictures\RECONYX Images\2010\SnowCam_Clear_Closed\2013-01-24 14-00-00 T.JPG,2
2013-01-25 14-00-00 T.JPG,Full Moon,-1,41,ClearClosed,C:\Users\Holger\Pictures\RECONYX Images\2010\SnowCam_Clear_Closed\2013-01-25 14-00-00 T.JPG,2
2013-01-26 14-00-00 T.JPG,Full Moon,11,45,ClearClosed,C:\Users\Holger\Pictures\RECONYX Images\2010\SnowCam_Clear_Closed\2013-01-26 14-00-00 T.JPG,2
2013-01-27 14-00-00 T.JPG,Full Moon,10,48,ClearClosed,C:\Users\Holger\Pictures\RECONYX Images\2010\SnowCam_Clear_Closed\2013-01-27 14-00-00 T.JPG,2
2013-01-28 14-00-00 T.JPG,Full Moon,-5,48,ClearClosed,C:\Users\Holger\Pictures\RECONYX Images\2010\SnowCam_Clear_Closed\2013-01-28 14-00-00 T.JPG,2
2013-01-29 14-00-00 T.JPG,Waning Gibbous,-21,NA,ClearClosed,C:\Users\Holger\Pictures\RECONYX Images\2010\SnowCam_Clear_Closed\2013-01-29 14-00-00 T.JPG,2
2013-01-30 14-00-00 T.JPG,Waning Gibbous,-22,NA,ClearClosed,C:\Users\Holger\Pictures\RECONYX Images\2010\SnowCam_Clear_Closed\2013-01-30 14-00-00 T.JPG,2
2013-02-23 14-00-00 T.JPG,Waxing Gibbous,30,NA,ClearClosed,C:\Users\Holger\Pictures\RECONYX Images\2010\SnowCam_Clear_Closed\2013-02-23 14-00-00 T.JPG,4
2013-02-24 14-00-00 T.JPG,Full Moon,27,NA,ClearClosed,C:\Users\Holger\Pictures\RECONYX Images\2010\SnowCam_Clear_Closed\2013-02-24 14-00-00 T.JPG,4
2013-02-25 14-00-00 T.JPG,Full Moon,25,NA,ClearClosed,C:\Users\Holger\Pictures\RECONYX Images\2010\SnowCam_Clear_Closed\2013-02-25 14-00-00 T.JPG,4
2013-02-26 14-00-00 T.JPG,Full Moon,24,NA,ClearClosed,C:\Users\Holger\Pictures\RECONYX Images\2010\SnowCam_Clear_Closed\2013-02-26 14-00-00 T.JPG,4
2013-02-27 14-00-00 T.JPG,Waning Gibbous,30,NA,ClearClosed,C:\Users\Holger\Pictures\RECONYX Images\2010\SnowCam_Clear_Closed\2013-02-27 14-00-00 T.JPG,4
2013-02-28 14-00-00 T.JPG,Waning Gibbous,29,NA,ClearClosed,C:\Users\Holger\Pictures\RECONYX Images\2010\SnowCam_Clear_Closed\2013-02-28 14-00-00 T.JPG,4
2013-03-01 14-00-00 T.JPG,Waning Gibbous,40,NA,ClearClosed,C:\Users\Holger\Pictures\RECONYX Images\2010\SnowCam_Clear_Closed\2013-03-01 14-00-00 T.JPG,5
2013-03-02 14-00-00 T.JPG,Waning Gibbous,33,NA,ClearClosed,C:\Users\Holger\Pictures\RECONYX Images\2010\SnowCam_Clear_Closed\2013-03-02 14-00-00 T.JPG,5
2013-03-03 14-00-00 T.JPG,Last Quarter,30,NA,ClearClosed,C:\Users\Holger\Pictures\RECONYX Images\2010\SnowCam_Clear_Closed\2013-03-03 14-00-00 T.JPG,5
2013-03-04 14-00-00 T.JPG,Last Quarter,23,NA,ClearClosed,C:\Users\Holger\Pictures\RECONYX Images\2010\SnowCam_Clear_Closed\2013-03-04 14-00-00 T.JPG,5
2013-03-05 14-00-00 T.JPG,Last Quarter,30,NA,ClearClosed,C:\Users\Holger\Pictures\RECONYX Images\2010\SnowCam_Clear_Closed\2013-03-05 14-00-00 T.JPG,5
2013-03-06 14-00-00 T.JPG,Last Quarter,14,NA,ClearClosed,C:\Users\Holger\Pictures\RECONYX Images\2010\SnowCam_Clear_Closed\2013-03-06 14-00-00 T.JPG,5
2013-03-07 14-00-00 T.JPG,Waning Crescent,6,NA,ClearClosed,C:\Users\Holger\Pictures\RECONYX Images\2010\SnowCam_Clear_Closed\2013-03-07 14-00-00 T.JPG,5
2013-03-08 14-00-00 T.JPG,Waning Crescent,25,NA,ClearClosed,C:\Users\Holger\Pictures\RECONYX Images\2010\SnowCam_Clear_Closed\2013-03-08 14-00-00 T.JPG,5
2013-03-09 14-00-00 T.JPG,Waning Crescent,16,NA,ClearClosed,C:\Users\Holger\Pictures\RECONYX Images\2010\SnowCam_Clear_Closed\2013-03-09 14-00-00 T.JPG,5
2013-03-10 14-00-00 T.JPG,New Moon,37,NA,ClearClosed,C:\Users\Holger\Pictures\RECONYX Images\2010\SnowCam_Clear_Closed\2013-03-10 14-00-00 T.JPG,5
2013-03-11 14-00-00 T.JPG,New Moon,29,NA,ClearClosed,C:\Users\Holger\Pictures\RECONYX Images\2010\SnowCam_Clear_Closed\2013-03-11 14-00-00 T.JPG,5
2013-03-12 14-00-00 T.JPG,New Moon,32,NA,ClearClosed,C:\Users\Holger\Pictures\RECONYX Images\2010\SnowCam_Clear_Closed\2013-03-12 14-00-00 T.JPG,5
2013-03-13 14-00-00 T.JPG,New Moon,6,NA,ClearClosed,C:\Users\Holger\Pictures\RECONYX Images\2010\SnowCam_Clear_Closed\2013-03-13 14-00-00 T.JPG,5
2013-03-14 14-00-00 T.JPG,Waxing Crescent,3,NA,ClearClosed,C:\Users\Holger\Pictures\RECONYX Images\2010\SnowCam_Clear_Closed\2013-03-14 14-00-00 T.JPG,5
2013-03-15 14-00-00 T.JPG,Waxing Crescent,5,NA,ClearClosed,C:\Users\Holger\Pictures\RECONYX Images\2010\SnowCam_Clear_Closed\2013-03-15 14-00-00 T.JPG,5
2013-03-16 14-00-00 T.JPG,Waxing Crescent,6,NA,ClearClosed,C:\Users\Holger\Pictures\RECONYX Images\2010\SnowCam_Clear_Closed\2013-03-16 14-00-00 T.JPG,6
2013-03-17 14-00-00 T.JPG,Waxing Crescent,8,NA,ClearClosed,C:\Users\Holger\Pictures\RECONYX Images\2010\SnowCam_Clear_Closed\2013-03-17 14-00-00 T.JPG,6
2013-03-18 14-00-00 T.JPG,First Quarter,16,NA,ClearClosed,C:\Users\Holger\Pictures\RECONYX Images\2010\SnowCam_Clear_Closed\2013-03-18 14-00-00 T.JPG,6
2013-03-19 14-00-00 T.JPG,First Quarter,19,NA,ClearClosed,C:\Users\Holger\Pictures\RECONYX Images\2010\SnowCam_Clear_Closed\2013-03-19 14-00-00 T.JPG,6
2013-03-20 14-00-00 T.JPG,First Quarter,24,NA,ClearClosed,C:\Users\Holger\Pictures\RECONYX Images\2010\SnowCam_Clear_Closed\2013-03-20 14-00-00 T.JPG,6
2013-03-21 14-00-00 T.JPG,First Quarter,20,NA,ClearClosed,C:\Users\Holger\Pictures\RECONYX Images\2010\SnowCam_Clear_Closed\2013-03-21 14-00-00 T.JPG,6
2013-03-22 14-00-00 T.JPG,Waxing Gibbous,27,NA,ClearClosed,C:\Users\Holger\Pictures\RECONYX Images\2010\SnowCam_Clear_Closed\2013-03-22 14-00-00 T.JPG,6
2013-03-23 14-00-00 T.JPG,Waxing Gibbous,24,NA,ClearClosed,C:\Users\Holger\Pictures\RECONYX Images\2010\SnowCam_Clear_Closed\2013-03-23 14-00-00 T.JPG,6
2013-01-13 13-00-00 T.JPG,New Moon,6,30,ClearOpen,,1
2013-01-14 12-00-00 T.JPG,Waxing Crescent,1,30,ClearOpen,,1
2013-01-15 12-00-00 T.JPG,Waxing Crescent,10,32,ClearOpen,,1
2013-01-16 12-00-00 T.JPG,Waxing Crescent,0,35,ClearOpen,,2
2013-01-17 12-00-00 T.JPG,Waxing Crescent,-10,35,ClearOpen,,2
2013-01-18 12-00-00 T.JPG,First Quarter,2,38,ClearOpen,,2
2013-01-19 12-00-00 T.JPG,First Quarter,-16,38,ClearOpen,,2
2013-01-20 12-00-00 T.JPG,First Quarter,-25,38,ClearOpen,,2
2013-02-23 14-00-00 T.JPG,Waxing Gibbous,30,45,ClearOpen,,4
2013-02-24 12-00-00 T.JPG,Full Moon,20,45,ClearOpen,,4
2013-02-25 12-00-00 T.JPG,Full Moon,21,45,ClearOpen,,4
2013-02-26 12-00-00 T.JPG,Full Moon,14,45,ClearOpen,,4
2013-02-27 12-00-00 T.JPG,Waning Gibbous,23,45,ClearOpen,,4
2013-02-28 12-00-00 T.JPG,Waning Gibbous,23,45,ClearOpen,,4
2013-03-01 12-00-00 T.JPG,Waning Gibbous,39,44,ClearOpen,,5
2013-03-02 12-00-00 T.JPG,Waning Gibbous,28,42,ClearOpen,,5
2013-03-03 12-00-00 T.JPG,Last Quarter,29,41,ClearOpen,,5
2013-03-04 12-00-00 T.JPG,Last Quarter,21,40,ClearOpen,,5
2013-03-05 12-00-00 T.JPG,Last Quarter,22,40,ClearOpen,,5
2013-03-06 12-00-00 T.JPG,Last Quarter,17,40,ClearOpen,,5
2013-03-07 12-00-00 T.JPG,Waning Crescent,8,40,ClearOpen,,5
2013-03-08 12-00-00 T.JPG,Waning Crescent,19,40,ClearOpen,,5
2013-03-09 12-00-00 T.JPG,Waning Crescent,18,NA,ClearOpen,,5
2013-03-10 12-00-00 T.JPG,New Moon,28,40,ClearOpen,,5
2013-03-11 12-00-00 T.JPG,New Moon,28,40,ClearOpen,,5
2013-03-12 12-00-00 T.JPG,New Moon,28,39,ClearOpen,,5
2013-03-13 12-00-00 T.JPG,New Moon,5,40,ClearOpen,,5
2013-03-14 12-00-00 T.JPG,Waxing Crescent,4,45,ClearOpen,,5
2013-03-15 12-00-00 T.JPG,Waxing Crescent,8,45,ClearOpen,,5
2013-03-16 12-00-00 T.JPG,Waxing Crescent,4,45,ClearOpen,,6
2013-03-17 12-00-00 T.JPG,Waxing Crescent,9,45,ClearOpen,,6
2013-03-18 12-00-00 T.JPG,First Quarter,15,45,ClearOpen,,6
2013-03-19 12-00-00 T.JPG,First Quarter,18,44,ClearOpen,,6
2013-03-20 12-00-00 T.JPG,First Quarter,24,44,ClearOpen,,6
2013-03-21 12-00-00 T.JPG,First Quarter,24,45,ClearOpen,,6
2013-03-22 12-00-00 T.JPG,Waxing Gibbous,25,50,ClearOpen,,6
2013-03-23 12-00-00 T.JPG,Waxing Gibbous,27,50,ClearOpen,,6
2013-01-24 15-00-00 T.JPG,Waxing Gibbous,1,42,Ells1Open,,2
2013-01-25 11-00-00 T.JPG,Full Moon,-4,41,Ells1Open,,2
2013-01-26 11-00-00 T.JPG,Full Moon,4,40,Ells1Open,,2
2013-01-27 11-00-00 T.JPG,Full Moon,-2,40,Ells1Open,,2
2013-01-28 11-00-00 T.JPG,Full Moon,-8,44,Ells1Open,,2
2013-01-29 11-00-00 T.JPG,Waning Gibbous,-26,44,Ells1Open,,2
2013-01-30 11-00-00 T.JPG,Waning Gibbous,-30,44,Ells1Open,,2
2013-01-31 11-00-00 T.JPG,Waning Gibbous,-17,42,Ells1Open,,2
2013-02-01 11-00-00 T.JPG,Last Quarter,-6,40,Ells1Open,,3
2013-02-02 11-00-00 T.JPG,Last Quarter,-5,46,Ells1Open,,3
2013-02-03 11-00-00 T.JPG,Last Quarter,-4,48,Ells1Open,,3
2013-02-04 11-00-00 T.JPG,Last Quarter,6,52,Ells1Open,,3
2013-02-05 11-00-00 T.JPG,Waning Crescent,3,50,Ells1Open,,3
2013-02-06 11-00-00 T.JPG,Waning Crescent,-1,49,Ells1Open,,3
2013-02-07 11-00-00 T.JPG,Waning Crescent,13,49,Ells1Open,,3
2013-02-08 11-00-00 T.JPG,Waning Crescent,14,47,Ells1Open,,3
2013-02-09 11-00-00 T.JPG,New Moon,25,45,Ells1Open,,3
2013-02-10 11-00-00 T.JPG,New Moon,11,45,Ells1Open,,3
2013-02-11 11-00-00 T.JPG,New Moon,30,42,Ells1Open,,3
2013-02-12 11-00-00 T.JPG,New Moon,19,41,Ells1Open,,3
2013-02-13 11-00-00 T.JPG,Waxing Crescent,20,41,Ells1Open,,3
2013-02-14 11-00-00 T.JPG,Waxing Crescent,19,41,Ells1Open,,3
2013-02-15 11-00-00 T.JPG,Waxing Crescent,21,40,Ells1Open,,3
2013-02-16 11-00-00 T.JPG,First Quarter,36,40,Ells1Open,,4
2013-02-17 11-00-00 T.JPG,First Quarter,13,40,Ells1Open,,4
2013-02-18 11-00-00 T.JPG,First Quarter,8,40,Ells1Open,,4
2013-02-19 11-00-00 T.JPG,First Quarter,5,50,Ells1Open,,4
2013-02-20 11-00-00 T.JPG,Waxing Gibbous,4,50,Ells1Open,,4
2013-02-21 11-00-00 T.JPG,Waxing Gibbous,13,48,Ells1Open,,4
2013-02-22 11-00-00 T.JPG,Waxing Gibbous,16,46,Ells1Open,,4
2013-02-23 11-00-00 T.JPG,Waxing Gibbous,19,45,Ells1Open,,4
2013-02-24 11-00-00 T.JPG,Full Moon,15,42,Ells1Open,,4
2013-02-25 11-00-00 T.JPG,Full Moon,14,43,Ells1Open,,4
2013-02-26 11-00-00 T.JPG,Full Moon,15,30,Ells1Open,,4
2013-02-27 11-00-00 T.JPG,Waning Gibbous,17,30,Ells1Open,,4
2013-02-28 11-00-00 T.JPG,Waning Gibbous,22,30,Ells1Open,,4
2013-03-01 11-00-00 T.JPG,Waning Gibbous,29,30,Ells1Open,,5
2013-03-02 11-00-00 T.JPG,Waning Gibbous,29,29,Ells1Open,,5
2013-03-03 11-00-00 T.JPG,Last Quarter,26,29,Ells1Open,,5
2013-03-04 11-00-00 T.JPG,Last Quarter,17,29,Ells1Open,,5
2013-03-05 11-00-00 T.JPG,Last Quarter,18,29,Ells1Open,,5
2013-03-06 11-00-00 T.JPG,Last Quarter,6,29,Ells1Open,,5
2013-03-07 11-00-00 T.JPG,Waning Crescent,4,29,Ells1Open,,5
2013-03-08 11-00-00 T.JPG,Waning Crescent,12,29,Ells1Open,,5
2013-03-09 11-00-00 T.JPG,Waning Crescent,10,29,Ells1Open,,5
2013-03-10 11-00-00 T.JPG,New Moon,28,29,Ells1Open,,5
2013-03-11 11-00-00 T.JPG,New Moon,24,28,Ells1Open,,5
2013-03-12 11-00-00 T.JPG,New Moon,18,28,Ells1Open,,5
2013-03-13 11-00-00 T.JPG,New Moon,2,28,Ells1Open,,5
2013-03-14 11-00-00 T.JPG,Waxing Crescent,-3,29,Ells1Open,,5
2013-03-15 11-00-00 T.JPG,Waxing Crescent,2,30,Ells1Open,,5
2013-03-16 11-00-00 T.JPG,Waxing Crescent,0,30,Ells1Open,,6
2013-03-17 11-00-00 T.JPG,Waxing Crescent,4,30,Ells1Open,,6
2013-03-18 11-00-00 T.JPG,First Quarter,10,30,Ells1Open,,6
2013-03-19 11-00-00 T.JPG,First Quarter,15,30,Ells1Open,,6
2013-03-20 11-00-00 T.JPG,First Quarter,23,30,Ells1Open,,6
2013-03-21 11-00-00 T.JPG,First Quarter,17,38,Ells1Open,,6
2013-03-22 11-00-00 T.JPG,Waxing Gibbous,23,45,Ells1Open,,6
2013-03-23 11-00-00 T.JPG,Waxing Gibbous,24,45,Ells1Open,,6
2013-03-24 11-00-00 T.JPG,Waxing Gibbous,23,43,Ells1Open,,6
2013-03-25 11-00-00 T.JPG,Full Moon,24,42,Ells1Open,,6
2013-03-26 09-00-00 T.JPG,Full Moon,10,40,Ells1Open,,6
2013-01-24 15-00-00 T.JPG,Waxing Gibbous,1,40,Ells2Closed,,2
2013-01-25 11-00-00 T.JPG,Full Moon,-6,40,Ells2Closed,,2
2013-01-26 11-00-00 T.JPG,Full Moon,5,40,Ells2Closed,,2
2013-01-27 11-00-00 T.JPG,Full Moon,-3,38,Ells2Closed,,2
2013-01-28 11-00-00 T.JPG,Full Moon,-8,41,Ells2Closed,,2
2013-01-29 11-00-00 T.JPG,Waning Gibbous,-24,43,Ells2Closed,,2
2013-01-30 11-00-00 T.JPG,Waning Gibbous,-28,44,Ells2Closed,,2
2013-01-31 11-00-00 T.JPG,Waning Gibbous,-19,44,Ells2Closed,,2
2013-02-01 11-00-00 T.JPG,Last Quarter,-7,43,Ells2Closed,,3
2013-02-02 11-00-00 T.JPG,Last Quarter,-5,47,Ells2Closed,,3
2013-02-03 11-00-00 T.JPG,Last Quarter,-5,49,Ells2Closed,,3
2013-02-04 11-00-00 T.JPG,Last Quarter,6,52,Ells2Closed,,3
2013-02-05 11-00-00 T.JPG,Waning Crescent,4,52,Ells2Closed,,3
2013-02-06 11-00-00 T.JPG,Waning Crescent,-1,50,Ells2Closed,,3
2013-02-07 11-00-00 T.JPG,Waning Crescent,13,50,Ells2Closed,,3
2013-02-08 11-00-00 T.JPG,Waning Crescent,14,49,Ells2Closed,,3
2013-02-09 11-00-00 T.JPG,New Moon,24,45,Ells2Closed,,3
2013-02-10 11-00-00 T.JPG,New Moon,12,45,Ells2Closed,,3
2013-02-11 11-00-00 T.JPG,New Moon,28,42,Ells2Closed,,3
2013-02-12 11-00-00 T.JPG,New Moon,20,41,Ells2Closed,,3
2013-02-13 11-00-00 T.JPG,Waxing Crescent,20,41,Ells2Closed,,3
2013-02-14 11-00-00 T.JPG,Waxing Crescent,20,41,Ells2Closed,,3
2013-02-15 11-00-00 T.JPG,Waxing Crescent,21,40,Ells2Closed,,3
2013-02-16 11-00-00 T.JPG,First Quarter,35,40,Ells2Closed,,4
2013-02-17 11-00-00 T.JPG,First Quarter,14,40,Ells2Closed,,4
2013-02-18 11-00-00 T.JPG,First Quarter,8,39,Ells2Closed,,4
2013-02-19 11-00-00 T.JPG,First Quarter,5,45,Ells2Closed,,4
2013-02-20 11-00-00 T.JPG,Waxing Gibbous,4,45,Ells2Closed,,4
2013-02-21 11-00-00 T.JPG,Waxing Gibbous,13,45,Ells2Closed,,4
2013-02-22 11-00-00 T.JPG,Waxing Gibbous,16,45,Ells2Closed,,4
2013-02-23 11-00-00 T.JPG,Waxing Gibbous,21,43,Ells2Closed,,4
2013-02-24 11-00-00 T.JPG,Full Moon,16,42,Ells2Closed,,4
2013-02-25 11-00-00 T.JPG,Full Moon,17,42,Ells2Closed,,4
2013-02-26 11-00-00 T.JPG,Full Moon,14,41,Ells2Closed,,4
2013-02-27 11-00-00 T.JPG,Waning Gibbous,17,41,Ells2Closed,,4
2013-02-28 11-00-00 T.JPG,Waning Gibbous,22,41,Ells2Closed,,4
2013-03-01 11-00-00 T.JPG,Waning Gibbous,29,40,Ells2Closed,,5
2013-03-02 11-00-00 T.JPG,Waning Gibbous,31,40,Ells2Closed,,5
2013-03-03 11-00-00 T.JPG,Last Quarter,26,39,Ells2Closed,,5
2013-03-04 11-00-00 T.JPG,Last Quarter,17,39,Ells2Closed,,5
2013-03-05 11-00-00 T.JPG,Last Quarter,18,39,Ells2Closed,,5
2013-03-06 11-00-00 T.JPG,Last Quarter,6,39,Ells2Closed,,5
2013-03-07 11-00-00 T.JPG,Waning Crescent,4,38,Ells2Closed,,5
2013-03-08 11-00-00 T.JPG,Waning Crescent,11,38,Ells2Closed,,5
2013-03-09 11-00-00 T.JPG,Waning Crescent,10,37,Ells2Closed,,5
2013-03-10 11-00-00 T.JPG,New Moon,27,39,Ells2Closed,,5
2013-03-11 11-00-00 T.JPG,New Moon,24,38,Ells2Closed,,5
2013-03-12 11-00-00 T.JPG,New Moon,17,37,Ells2Closed,,5
2013-03-13 11-00-00 T.JPG,New Moon,0,38,Ells2Closed,,5
2013-03-14 11-00-00 T.JPG,Waxing Crescent,-2,39,Ells2Closed,,5
2013-03-15 11-00-00 T.JPG,Waxing Crescent,-1,40,Ells2Closed,,5
2013-03-16 11-00-00 T.JPG,Waxing Crescent,-2,40,Ells2Closed,,6
2013-03-17 11-00-00 T.JPG,Waxing Crescent,5,40,Ells2Closed,,6
2013-03-18 11-00-00 T.JPG,First Quarter,10,40,Ells2Closed,,6
2013-03-19 11-00-00 T.JPG,First Quarter,16,40,Ells2Closed,,6
2013-03-20 11-00-00 T.JPG,First Quarter,21,40,Ells2Closed,,6
2013-03-21 11-00-00 T.JPG,First Quarter,16,47,Ells2Closed,,6
2013-03-22 11-00-00 T.JPG,Waxing Gibbous,23,53,Ells2Closed,,6
2013-03-23 11-00-00 T.JPG,Waxing Gibbous,24,55,Ells2Closed,,6
2013-03-24 11-00-00 T.JPG,Waxing Gibbous,24,53,Ells2Closed,,6
2013-03-25 11-00-00 T.JPG,Full Moon,28,50,Ells2Closed,,6
2013-03-26 09-00-00 T.JPG,Full Moon,14,50,Ells2Closed,,6
2013-01-09 13-16-33 M 1_1.JPG,Waning Crescent,20,32,FrostbiteClosed,,1
2013-01-10 12-00-00 T.JPG,New Moon,-8,32,FrostbiteClosed,,1
2013-01-11 12-00-00 T.JPG,New Moon,6,32,FrostbiteClosed,,1
2013-01-12 12-00-00 T.JPG,New Moon,-10,31,FrostbiteClosed,,1
2013-01-13 12-00-00 T.JPG,New Moon,-17,31,FrostbiteClosed,,1
2013-01-14 12-00-00 T.JPG,Waxing Crescent,5,30,FrostbiteClosed,,1
2013-01-15 12-00-00 T.JPG,Waxing Crescent,4,33,FrostbiteClosed,,1
2013-01-16 12-00-00 T.JPG,Waxing Crescent,-3,36,FrostbiteClosed,,2
2013-01-17 12-00-00 T.JPG,Waxing Crescent,-7,36,FrostbiteClosed,,2
2013-01-18 12-00-00 T.JPG,First Quarter,2,42,FrostbiteClosed,,2
2013-01-19 12-00-00 T.JPG,First Quarter,-11,42,FrostbiteClosed,,2
2013-01-20 12-00-00 T.JPG,First Quarter,-19,42,FrostbiteClosed,,2
2013-01-21 12-00-00 T.JPG,Waxing Gibbous,-10,31,FrostbiteClosed,,2
2013-01-22 12-00-00 T.JPG,Waxing Gibbous,-11,42,FrostbiteClosed,,2
2013-01-23 12-00-00 T.JPG,Waxing Gibbous,-17,42,FrostbiteClosed,,2
2013-01-24 12-00-00 T.JPG,Waxing Gibbous,-1,50,FrostbiteClosed,,2
2013-01-25 12-00-00 T.JPG,Full Moon,0,49,FrostbiteClosed,,2
2013-01-26 12-00-00 T.JPG,Full Moon,8,48,FrostbiteClosed,,2
2013-01-27 12-00-00 T.JPG,Full Moon,4,46,FrostbiteClosed,,2
2013-01-28 12-00-00 T.JPG,Full Moon,-8,50,FrostbiteClosed,,2
2013-01-29 12-00-00 T.JPG,Waning Gibbous,-20,51,FrostbiteClosed,,2
2013-01-30 12-00-00 T.JPG,Waning Gibbous,-19,50,FrostbiteClosed,,2
2013-01-31 12-00-00 T.JPG,Waning Gibbous,-13,50,FrostbiteClosed,,2
2013-02-01 12-00-00 T.JPG,Last Quarter,-1,50,FrostbiteClosed,,3
2013-02-02 12-00-00 T.JPG,Last Quarter,-2,57,FrostbiteClosed,,3
2013-02-03 12-00-00 T.JPG,Last Quarter,0,59,FrostbiteClosed,,3
2013-02-04 12-00-00 T.JPG,Last Quarter,13,60,FrostbiteClosed,,3
2013-02-05 12-00-00 T.JPG,Waning Crescent,6,60,FrostbiteClosed,,3
2013-02-06 12-00-00 T.JPG,Waning Crescent,7,58,FrostbiteClosed,,3
2013-02-07 12-00-00 T.JPG,Waning Crescent,19,58,FrostbiteClosed,,3
2013-02-08 12-00-00 T.JPG,Waning Crescent,23,55,FrostbiteClosed,,3
2013-02-09 12-00-00 T.JPG,New Moon,26,52,FrostbiteClosed,,3
2013-02-10 12-00-00 T.JPG,New Moon,18,51,FrostbiteClosed,,3
2013-02-11 12-00-00 T.JPG,New Moon,37,50,FrostbiteClosed,,3
2013-02-12 12-00-00 T.JPG,New Moon,34,49,FrostbiteClosed,,3
2013-02-13 12-00-00 T.JPG,Waxing Crescent,20,48,FrostbiteClosed,,3
2013-02-14 12-00-00 T.JPG,Waxing Crescent,28,48,FrostbiteClosed,,3
2013-02-15 12-00-00 T.JPG,Waxing Crescent,26,46,FrostbiteClosed,,3
2013-02-16 12-00-00 T.JPG,First Quarter,45,43,FrostbiteClosed,,4
2013-02-17 12-00-00 T.JPG,First Quarter,14,NA,FrostbiteClosed,,4
2013-02-18 12-00-00 T.JPG,First Quarter,13,41,FrostbiteClosed,,4
2013-02-19 12-00-00 T.JPG,First Quarter,6,50,FrostbiteClosed,,4
2013-02-20 12-00-00 T.JPG,Waxing Gibbous,14,51,FrostbiteClosed,,4
2013-02-21 12-00-00 T.JPG,Waxing Gibbous,23,50,FrostbiteClosed,,4
2013-02-22 12-00-00 T.JPG,Waxing Gibbous,22,49,FrostbiteClosed,,4
2013-02-23 12-00-00 T.JPG,Waxing Gibbous,33,47,FrostbiteClosed,,4
2013-02-24 12-00-00 T.JPG,Full Moon,26,46,FrostbiteClosed,,4
2013-02-25 12-00-00 T.JPG,Full Moon,31,46,FrostbiteClosed,,4
2013-02-26 12-00-00 T.JPG,Full Moon,27,45,FrostbiteClosed,,4
2013-02-27 12-00-00 T.JPG,Waning Gibbous,24,45,FrostbiteClosed,,4
2013-02-28 12-00-00 T.JPG,Waning Gibbous,31,45,FrostbiteClosed,,4
2013-03-01 12-00-00 T.JPG,Waning Gibbous,37,42,FrostbiteClosed,,5
2013-03-02 12-00-00 T.JPG,Waning Gibbous,41,41,FrostbiteClosed,,5
2013-03-03 12-00-00 T.JPG,Last Quarter,26,40,FrostbiteClosed,,5
2013-03-04 12-00-00 T.JPG,Last Quarter,23,40,FrostbiteClosed,,5
2013-03-06 12-00-00 T.JPG,Last Quarter,7,40,FrostbiteClosed,,5
2013-03-07 12-00-00 T.JPG,Waning Crescent,13,40,FrostbiteClosed,,5
2013-03-08 12-00-00 T.JPG,Waning Crescent,25,40,FrostbiteClosed,,5
2013-03-09 12-00-00 T.JPG,Waning Crescent,24,40,FrostbiteClosed,,5
2013-03-10 12-00-00 T.JPG,New Moon,39,40,FrostbiteClosed,,5
2013-03-11 12-00-00 T.JPG,New Moon,28,40,FrostbiteClosed,,5
2013-03-12 12-00-00 T.JPG,New Moon,19,39,FrostbiteClosed,,5
2013-03-13 12-00-00 T.JPG,New Moon,1,39,FrostbiteClosed,,5
2013-03-14 12-00-00 T.JPG,Waxing Crescent,7,40,FrostbiteClosed,,5
2013-03-15 12-00-00 T.JPG,Waxing Crescent,8,41,FrostbiteClosed,,5
2013-03-16 12-00-00 T.JPG,Waxing Crescent,12,41,FrostbiteClosed,,6
2013-03-17 12-00-00 T.JPG,Waxing Crescent,19,41,FrostbiteClosed,,6
2013-03-18 12-00-00 T.JPG,First Quarter,23,41,FrostbiteClosed,,6
2013-03-19 12-00-00 T.JPG,First Quarter,31,41,FrostbiteClosed,,6
2013-03-20 12-00-00 T.JPG,First Quarter,29,40,FrostbiteClosed,,6
2013-03-21 12-00-00 T.JPG,First Quarter,19,47,FrostbiteClosed,,6
2013-03-22 12-00-00 T.JPG,Waxing Gibbous,29,52,FrostbiteClosed,,6
2013-03-23 11-00-00 T.JPG,Waxing Gibbous,30,52,FrostbiteClosed,,6
2013-01-09 13-21-48 M 1_1.JPG,Waning Crescent,14,60,FrostbiteOpen,,1
2013-01-10 12-00-00 T.JPG,New Moon,-8,60,FrostbiteOpen,,1
2013-01-11 12-00-00 T.JPG,New Moon,6,59,FrostbiteOpen,,1
2013-01-12 12-00-00 T.JPG,New Moon,-4,59,FrostbiteOpen,,1
2013-01-13 12-00-00 T.JPG,New Moon,-10,59,FrostbiteOpen,,1
2013-01-14 12-00-00 T.JPG,Waxing Crescent,5,59,FrostbiteOpen,,1
2013-01-15 12-00-00 T.JPG,Waxing Crescent,4,63,FrostbiteOpen,,1
2013-01-16 12-00-00 T.JPG,Waxing Crescent,-1,65,FrostbiteOpen,,2
2013-01-17 12-00-00 T.JPG,Waxing Crescent,-5,65,FrostbiteOpen,,2
2013-01-18 12-00-00 T.JPG,First Quarter,2,69,FrostbiteOpen,,2
2013-01-19 12-00-00 T.JPG,First Quarter,-11,69,FrostbiteOpen,,2
2013-01-20 12-00-00 T.JPG,First Quarter,-14,69,FrostbiteOpen,,2
2013-01-21 12-00-00 T.JPG,Waxing Gibbous,-10,69,FrostbiteOpen,,2
2013-01-22 12-00-00 T.JPG,Waxing Gibbous,1,69,FrostbiteOpen,,2
2013-01-23 12-00-00 T.JPG,Waxing Gibbous,-13,69,FrostbiteOpen,,2
2013-01-24 12-00-00 T.JPG,Waxing Gibbous,1,78,FrostbiteOpen,,2
2013-01-25 12-00-00 T.JPG,Full Moon,2,77,FrostbiteOpen,,2
2013-01-26 12-00-00 T.JPG,Full Moon,8,77,FrostbiteOpen,,2
2013-01-27 12-00-00 T.JPG,Full Moon,4,77,FrostbiteOpen,,2
2013-01-28 12-00-00 T.JPG,Full Moon,-5,79,FrostbiteOpen,,2
2013-01-29 12-00-00 T.JPG,Waning Gibbous,-13,80,FrostbiteOpen,,2
2013-01-30 12-00-00 T.JPG,Waning Gibbous,-11,80,FrostbiteOpen,,2
2013-01-31 12-00-00 T.JPG,Waning Gibbous,-13,79,FrostbiteOpen,,2
2013-02-01 12-00-00 T.JPG,Last Quarter,1,79,FrostbiteOpen,,3
2013-02-02 12-00-00 T.JPG,Last Quarter,0,85,FrostbiteOpen,,3
2013-02-03 12-00-00 T.JPG,Last Quarter,1,88,FrostbiteOpen,,3
2013-02-04 12-00-00 T.JPG,Last Quarter,16,90,FrostbiteOpen,,3
2013-02-05 12-00-00 T.JPG,Waning Crescent,11,90,FrostbiteOpen,,3
2013-02-06 12-00-00 T.JPG,Waning Crescent,8,89,FrostbiteOpen,,3
2013-02-07 12-00-00 T.JPG,Waning Crescent,19,89,FrostbiteOpen,,3
2013-02-08 12-00-00 T.JPG,Waning Crescent,31,88,FrostbiteOpen,,3
2013-02-09 12-00-00 T.JPG,New Moon,24,85,FrostbiteOpen,,3
2013-02-10 12-00-00 T.JPG,New Moon,19,85,FrostbiteOpen,,3
2013-02-11 12-00-00 T.JPG,New Moon,44,83,FrostbiteOpen,,3
2013-02-12 12-00-00 T.JPG,New Moon,41,81,FrostbiteOpen,,3
2013-02-13 12-00-00 T.JPG,Waxing Crescent,22,80,FrostbiteOpen,,3
2013-02-14 12-00-00 T.JPG,Waxing Crescent,35,80,FrostbiteOpen,,3
2013-02-15 12-00-00 T.JPG,Waxing Crescent,26,78,FrostbiteOpen,,3
2013-02-16 12-00-00 T.JPG,First Quarter,47,75,FrostbiteOpen,,4
2013-02-17 12-00-00 T.JPG,First Quarter,15,75,FrostbiteOpen,,4
2013-02-18 12-00-00 T.JPG,First Quarter,16,74,FrostbiteOpen,,4
2013-02-19 12-00-00 T.JPG,First Quarter,7,81,FrostbiteOpen,,4
2013-02-20 12-00-00 T.JPG,Waxing Gibbous,19,82,FrostbiteOpen,,4
2013-02-21 12-00-00 T.JPG,Waxing Gibbous,28,82,FrostbiteOpen,,4
2013-02-22 12-00-00 T.JPG,Waxing Gibbous,26,80,FrostbiteOpen,,4
2013-02-23 12-00-00 T.JPG,Waxing Gibbous,42,79,FrostbiteOpen,,4
2013-02-24 12-00-00 T.JPG,Full Moon,36,77,FrostbiteOpen,,4
2013-02-25 12-00-00 T.JPG,Full Moon,40,77,FrostbiteOpen,,4
2013-02-26 12-00-00 T.JPG,Full Moon,36,75,FrostbiteOpen,,4
2013-02-27 12-00-00 T.JPG,Waning Gibbous,28,75,FrostbiteOpen,,4
2013-02-28 12-00-00 T.JPG,Waning Gibbous,39,75,FrostbiteOpen,,4
2013-03-01 12-00-00 T.JPG,Waning Gibbous,38,75,FrostbiteOpen,,5
2013-03-02 12-00-00 T.JPG,Waning Gibbous,54,71,FrostbiteOpen,,5
2013-03-03 12-00-00 T.JPG,Last Quarter,26,70,FrostbiteOpen,,5
2013-03-04 12-00-00 T.JPG,Last Quarter,22,70,FrostbiteOpen,,5
2013-03-05 12-00-00 T.JPG,Last Quarter,24,70,FrostbiteOpen,,5
2013-03-06 12-00-00 T.JPG,Last Quarter,9,70,FrostbiteOpen,,5
2013-03-07 12-00-00 T.JPG,Waning Crescent,19,69,FrostbiteOpen,,5
2013-03-08 12-00-00 T.JPG,Waning Crescent,32,69,FrostbiteOpen,,5
2013-03-09 12-00-00 T.JPG,Waning Crescent,26,69,FrostbiteOpen,,5
2013-03-10 12-00-00 T.JPG,New Moon,40,69,FrostbiteOpen,,5
2013-03-11 12-00-00 T.JPG,New Moon,30,68,FrostbiteOpen,,5
2013-03-12 12-00-00 T.JPG,New Moon,19,68,FrostbiteOpen,,5
2013-03-13 12-00-00 T.JPG,New Moon,2,68,FrostbiteOpen,,5
2013-03-14 12-00-00 T.JPG,Waxing Crescent,18,72,FrostbiteOpen,,5
2013-03-15 12-00-00 T.JPG,Waxing Crescent,15,72,FrostbiteOpen,,5
2013-03-16 12-00-00 T.JPG,Waxing Crescent,18,72,FrostbiteOpen,,6
2013-03-17 12-00-00 T.JPG,Waxing Crescent,23,72,FrostbiteOpen,,6
2013-03-18 12-00-00 T.JPG,First Quarter,22,72,FrostbiteOpen,,6
2013-03-19 12-00-00 T.JPG,First Quarter,42,71,FrostbiteOpen,,6
2013-03-20 12-00-00 T.JPG,First Quarter,34,70,FrostbiteOpen,,6
2013-03-21 12-00-00 T.JPG,First Quarter,21,76,FrostbiteOpen,,6
2013-03-22 12-00-00 T.JPG,Waxing Gibbous,30,82,FrostbiteOpen,,6
2013-03-23 11-00-00 T.JPG,Waxing Gibbous,33,82,FrostbiteOpen,,6
2013-01-08 15-03-22 M 1_1.JPG,Waning Crescent,56,65,HorCam1,,1
2013-01-09 12-00-00 T.JPG,Waning Crescent,8,62,HorCam1,,1
2013-01-10 12-00-00 T.JPG,New Moon,-8,62,HorCam1,,1
2013-01-11 12-00-00 T.JPG,New Moon,8,62,HorCam1,,1
2013-01-12 12-00-00 T.JPG,New Moon,-3,60,HorCam1,,1
2013-01-13 12-00-00 T.JPG,New Moon,-15,60,HorCam1,,1
2013-01-14 12-00-00 T.JPG,Waxing Crescent,7,60,HorCam1,,1
2013-01-15 12-00-00 T.JPG,Waxing Crescent,4,65,HorCam1,,1
2013-01-16 12-00-00 T.JPG,Waxing Crescent,-2,65,HorCam1,,2
2013-01-17 12-00-00 T.JPG,Waxing Crescent,-6,65,HorCam1,,2
2013-01-18 12-00-00 T.JPG,First Quarter,3,68,HorCam1,,2
2013-01-19 12-00-00 T.JPG,First Quarter,-10,69,HorCam1,,2
2013-01-20 12-00-00 T.JPG,First Quarter,-10,69,HorCam1,,2
2013-01-21 12-00-00 T.JPG,Waxing Gibbous,-12,69,HorCam1,,2
2013-01-22 12-00-00 T.JPG,Waxing Gibbous,-1,68,HorCam1,,2
2013-01-23 12-00-00 T.JPG,Waxing Gibbous,-11,68,HorCam1,,2
2013-01-24 12-00-00 T.JPG,Waxing Gibbous,1,75,HorCam1,,2
2013-01-25 12-00-00 T.JPG,Full Moon,3,75,HorCam1,,2
2013-01-26 12-00-00 T.JPG,Full Moon,9,74,HorCam1,,2
2013-01-27 12-00-00 T.JPG,Full Moon,5,73,HorCam1,,2
2013-01-28 12-00-00 T.JPG,Full Moon,-7,76,HorCam1,,2
2013-01-29 12-00-00 T.JPG,Waning Gibbous,-10,76,HorCam1,,2
2013-01-30 12-00-00 T.JPG,Waning Gibbous,-9,76,HorCam1,,2
2013-01-31 12-00-00 T.JPG,Waning Gibbous,-14,76,HorCam1,,2
2013-02-01 12-00-00 T.JPG,Last Quarter,-2,76,HorCam1,,3
2013-02-02 12-00-00 T.JPG,Last Quarter,-1,83,HorCam1,,3
2013-02-03 12-00-00 T.JPG,Last Quarter,5,83,HorCam1,,3
2013-02-04 12-00-00 T.JPG,Last Quarter,16,88,HorCam1,,3
2013-02-05 12-00-00 T.JPG,Waning Crescent,8,88,HorCam1,,3
2013-02-06 12-00-00 T.JPG,Waning Crescent,12,85,HorCam1,,3
2013-02-07 12-00-00 T.JPG,Waning Crescent,19,87,HorCam1,,3
2013-02-08 12-00-00 T.JPG,Waning Crescent,37,84,HorCam1,,3
2013-02-09 12-00-00 T.JPG,New Moon,23,83,HorCam1,,3
2013-02-10 12-00-00 T.JPG,New Moon,19,81,HorCam1,,3
2013-02-11 12-00-00 T.JPG,New Moon,44,81,HorCam1,,3
2013-02-12 12-00-00 T.JPG,New Moon,44,80,HorCam1,,3
2013-02-13 12-00-00 T.JPG,Waxing Crescent,27,79,HorCam1,,3
2013-02-14 12-00-00 T.JPG,Waxing Crescent,37,78,HorCam1,,3
2013-02-15 12-00-00 T.JPG,Waxing Crescent,32,77,HorCam1,,3
2013-02-16 12-00-00 T.JPG,First Quarter,45,75,HorCam1,,4
2013-02-17 12-00-00 T.JPG,First Quarter,14,75,HorCam1,,4
2013-02-18 12-00-00 T.JPG,First Quarter,14,74,HorCam1,,4
2013-02-19 12-00-00 T.JPG,First Quarter,8,78,HorCam1,,4
2013-02-20 12-00-00 T.JPG,Waxing Gibbous,21,80,HorCam1,,4
2013-02-21 12-00-00 T.JPG,Waxing Gibbous,28,79,HorCam1,,4
2013-02-22 12-00-00 T.JPG,Waxing Gibbous,34,77,HorCam1,,4
2013-02-23 12-00-00 T.JPG,Waxing Gibbous,43,75,HorCam1,,4
2013-02-24 12-00-00 T.JPG,Full Moon,36,75,HorCam1,,4
2013-02-25 12-00-00 T.JPG,Full Moon,40,75,HorCam1,,4
2013-02-26 12-00-00 T.JPG,Full Moon,24,74,HorCam1,,4
2013-02-27 12-00-00 T.JPG,Waning Gibbous,24,74,HorCam1,,4
2013-02-28 12-00-00 T.JPG,Waning Gibbous,41,73,HorCam1,,4
2013-03-01 12-00-00 T.JPG,Waning Gibbous,44,72,HorCam1,,5
2013-03-02 12-00-00 T.JPG,Waning Gibbous,53,70,HorCam1,,5
2013-03-03 12-00-00 T.JPG,Last Quarter,25,70,HorCam1,,5
2013-03-04 12-00-00 T.JPG,Last Quarter,24,70,HorCam1,,5
2013-03-05 12-00-00 T.JPG,Last Quarter,25,69,HorCam1,,5
2013-03-06 12-00-00 T.JPG,Last Quarter,14,70,HorCam1,,5
2013-03-07 12-00-00 T.JPG,Waning Crescent,21,69,HorCam1,,5
2013-03-08 12-00-00 T.JPG,Waning Crescent,33,69,HorCam1,,5
2013-03-09 12-00-00 T.JPG,Waning Crescent,27,68,HorCam1,,5
2013-03-10 12-00-00 T.JPG,New Moon,37,68,HorCam1,,5
2013-03-11 12-00-00 T.JPG,New Moon,29,69,HorCam1,,5
2013-03-12 12-00-00 T.JPG,New Moon,22,68,HorCam1,,5
2013-03-13 12-00-00 T.JPG,New Moon,5,69,HorCam1,,5
2013-03-14 12-00-00 T.JPG,Waxing Crescent,14,69,HorCam1,,5
2013-03-15 12-00-00 T.JPG,Waxing Crescent,14,69,HorCam1,,5
2013-03-16 12-00-00 T.JPG,Waxing Crescent,14,70,HorCam1,,6
2013-03-17 12-00-00 T.JPG,Waxing Crescent,25,70,HorCam1,,6
2013-03-18 12-00-00 T.JPG,First Quarter,25,70,HorCam1,,6
2013-03-19 12-00-00 T.JPG,First Quarter,37,70,HorCam1,,6
2013-03-20 12-00-00 T.JPG,First Quarter,34,70,HorCam1,,6
2013-03-21 12-00-00 T.JPG,First Quarter,23,71,HorCam1,,6
2013-03-22 12-00-00 T.JPG,Waxing Gibbous,28,80,HorCam1,,6
2013-03-23 12-00-00 T.JPG,Waxing Gibbous,38,80,HorCam1,,6
2013-01-28 12-22-02 M 1_1.JPG,Full Moon,27,66,IceBridge1Closed,,2
2013-01-29 11-00-00 T.JPG,Waning Gibbous,-26,66,IceBridge1Closed,,2
2013-01-30 11-00-00 T.JPG,Waning Gibbous,-30,66,IceBridge1Closed,,2
2013-01-31 11-00-00 T.JPG,Waning Gibbous,-21,66,IceBridge1Closed,,2
2013-02-01 11-00-00 T.JPG,Last Quarter,-14,65,IceBridge1Closed,,3
2013-02-02 11-00-00 T.JPG,Last Quarter,-5,71,IceBridge1Closed,,3
2013-02-03 11-00-00 T.JPG,Last Quarter,-4,70,IceBridge1Closed,,3
2013-02-04 11-00-00 T.JPG,Last Quarter,6,68,IceBridge1Closed,,3
2013-02-05 11-00-00 T.JPG,Waning Crescent,1,65,IceBridge1Closed,,3
2013-02-06 11-00-00 T.JPG,Waning Crescent,-8,63,IceBridge1Closed,,3
2013-02-07 11-00-00 T.JPG,Waning Crescent,13,63,IceBridge1Closed,,3
2013-02-08 11-00-00 T.JPG,Waning Crescent,15,60,IceBridge1Closed,,3
2013-02-09 11-00-00 T.JPG,New Moon,22,60,IceBridge1Closed,,3
2013-02-10 11-00-00 T.JPG,New Moon,10,60,IceBridge1Closed,,3
2013-02-11 11-00-00 T.JPG,New Moon,26,59,IceBridge1Closed,,3
2013-02-12 11-00-00 T.JPG,New Moon,15,57,IceBridge1Closed,,3
2013-02-13 11-00-00 T.JPG,Waxing Crescent,16,56,IceBridge1Closed,,3
2013-02-14 11-00-00 T.JPG,Waxing Crescent,9,56,IceBridge1Closed,,3
2013-02-15 11-00-00 T.JPG,Waxing Crescent,20,55,IceBridge1Closed,,3
2013-02-16 11-00-00 T.JPG,First Quarter,33,53,IceBridge1Closed,,4
2013-02-17 11-00-00 T.JPG,First Quarter,10,51,IceBridge1Closed,,4
2013-02-18 11-00-00 T.JPG,First Quarter,7,51,IceBridge1Closed,,4
2013-02-19 11-00-00 T.JPG,First Quarter,6,53,IceBridge1Closed,,4
2013-02-20 11-00-00 T.JPG,Waxing Gibbous,2,60,IceBridge1Closed,,4
2013-02-21 11-00-00 T.JPG,Waxing Gibbous,15,60,IceBridge1Closed,,4
2013-02-22 11-00-00 T.JPG,Waxing Gibbous,16,60,IceBridge1Closed,,4
2013-02-23 11-00-00 T.JPG,Waxing Gibbous,18,58,IceBridge1Closed,,4
2013-02-24 11-00-00 T.JPG,Full Moon,11,58,IceBridge1Closed,,4
2013-02-25 11-00-00 T.JPG,Full Moon,11,55,IceBridge1Closed,,4
2013-02-26 11-00-00 T.JPG,Full Moon,6,55,IceBridge1Closed,,4
2013-02-27 11-00-00 T.JPG,Waning Gibbous,7,55,IceBridge1Closed,,4
2013-02-28 11-00-00 T.JPG,Waning Gibbous,18,55,IceBridge1Closed,,4
2013-03-01 11-00-00 T.JPG,Waning Gibbous,27,54,IceBridge1Closed,,5
2013-03-02 11-00-00 T.JPG,Waning Gibbous,24,52,IceBridge1Closed,,5
2013-03-03 11-00-00 T.JPG,Last Quarter,24,51,IceBridge1Closed,,5
2013-03-04 11-00-00 T.JPG,Last Quarter,16,51,IceBridge1Closed,,5
2013-03-05 11-00-00 T.JPG,Last Quarter,14,51,IceBridge1Closed,,5
2013-03-06 11-00-00 T.JPG,Last Quarter,5,53,IceBridge1Closed,,5
2013-03-07 11-00-00 T.JPG,Waning Crescent,-4,52,IceBridge1Closed,,5
2013-03-08 11-00-00 T.JPG,Waning Crescent,8,51,IceBridge1Closed,,5
2013-03-09 11-00-00 T.JPG,Waning Crescent,11,51,IceBridge1Closed,,5
2013-03-10 11-00-00 T.JPG,New Moon,22,51,IceBridge1Closed,,5
2013-03-11 11-00-00 T.JPG,New Moon,19,51,IceBridge1Closed,,5
2013-03-12 11-00-00 T.JPG,New Moon,14,51,IceBridge1Closed,,5
2013-03-13 11-00-00 T.JPG,New Moon,-2,51,IceBridge1Closed,,5
2013-03-14 11-00-00 T.JPG,Waxing Crescent,-8,52,IceBridge1Closed,,5
2013-03-15 11-00-00 T.JPG,Waxing Crescent,-3,54,IceBridge1Closed,,5
2013-03-16 11-00-00 T.JPG,Waxing Crescent,-9,54,IceBridge1Closed,,6
2013-01-28 12-09-53 M 1_1.JPG,Full Moon,31,49,IceBridge1Open,,2
2013-01-29 11-00-00 T.JPG,Waning Gibbous,-27,49,IceBridge1Open,,2
2013-01-30 11-00-00 T.JPG,Waning Gibbous,-31,49,IceBridge1Open,,2
2013-01-31 11-00-00 T.JPG,Waning Gibbous,-19,49,IceBridge1Open,,2
2013-02-01 11-00-00 T.JPG,Last Quarter,-13,49,IceBridge1Open,,3
2013-02-02 11-00-00 T.JPG,Last Quarter,-4,53,IceBridge1Open,,3
2013-02-03 11-00-00 T.JPG,Last Quarter,-4,53,IceBridge1Open,,3
2013-02-04 11-00-00 T.JPG,Last Quarter,8,60,IceBridge1Open,,3
2013-02-05 11-00-00 T.JPG,Waning Crescent,2,59,IceBridge1Open,,3
2013-02-06 11-00-00 T.JPG,Waning Crescent,-7,58,IceBridge1Open,,3
2013-02-07 11-00-00 T.JPG,Waning Crescent,14,57,IceBridge1Open,,3
2013-02-08 11-00-00 T.JPG,Waning Crescent,15,55,IceBridge1Open,,3
2013-02-09 11-00-00 T.JPG,New Moon,23,53,IceBridge1Open,,3
2013-02-10 11-00-00 T.JPG,New Moon,10,52,IceBridge1Open,,3
2013-02-11 11-00-00 T.JPG,New Moon,23,51,IceBridge1Open,,3
2013-02-12 10-08-46 M 1_1.JPG,New Moon,17,50,IceBridge1Open,,3
2013-02-13 11-00-00 T.JPG,Waxing Crescent,18,50,IceBridge1Open,,3
2013-02-14 11-00-00 T.JPG,Waxing Crescent,10,50,IceBridge1Open,,3
2013-02-15 11-00-00 T.JPG,Waxing Crescent,23,48,IceBridge1Open,,3
2013-02-16 11-00-00 T.JPG,First Quarter,37,46,IceBridge1Open,,4
2013-02-18 11-00-00 T.JPG,First Quarter,9,45,IceBridge1Open,,4
2013-02-19 11-00-00 T.JPG,First Quarter,6,47,IceBridge1Open,,4
2013-02-20 11-00-00 T.JPG,Waxing Gibbous,5,55,IceBridge1Open,,4
2013-02-21 11-00-00 T.JPG,Waxing Gibbous,19,52,IceBridge1Open,,4
2013-02-22 11-00-00 T.JPG,Waxing Gibbous,19,51,IceBridge1Open,,4
2013-02-23 11-00-00 T.JPG,Waxing Gibbous,21,50,IceBridge1Open,,4
2013-02-24 11-00-00 T.JPG,Full Moon,15,49,IceBridge1Open,,4
2013-02-25 11-00-00 T.JPG,Full Moon,15,47,IceBridge1Open,,4
2013-02-26 11-00-00 T.JPG,Full Moon,10,47,IceBridge1Open,,4
2013-02-27 11-00-00 T.JPG,Waning Gibbous,12,47,IceBridge1Open,,4
2013-02-28 11-00-00 T.JPG,Waning Gibbous,22,47,IceBridge1Open,,4
2013-03-01 11-00-00 T.JPG,Waning Gibbous,31,46,IceBridge1Open,,5
2013-03-02 11-00-00 T.JPG,Waning Gibbous,29,45,IceBridge1Open,,5
2013-03-03 11-00-00 T.JPG,Last Quarter,24,44,IceBridge1Open,,5
2013-03-04 15-00-00 T.JPG,Last Quarter,19,44,IceBridge1Open,,5
2013-03-05 11-00-00 T.JPG,Last Quarter,16,44,IceBridge1Open,,5
2013-03-06 11-00-00 T.JPG,Last Quarter,11,47,IceBridge1Open,,5
2013-03-07 11-00-00 T.JPG,Waning Crescent,1,45,IceBridge1Open,,5
2013-03-08 11-00-00 T.JPG,Waning Crescent,14,45,IceBridge1Open,,5
2013-03-09 11-00-00 T.JPG,Waning Crescent,18,45,IceBridge1Open,,5
2013-03-10 11-00-00 T.JPG,New Moon,25,45,IceBridge1Open,,5
2013-03-11 11-00-00 T.JPG,New Moon,23,45,IceBridge1Open,,5
2013-03-12 11-00-00 T.JPG,New Moon,16,45,IceBridge1Open,,5
2013-03-13 11-00-00 T.JPG,New Moon,1,46,IceBridge1Open,,5
2013-03-14 11-00-00 T.JPG,Waxing Crescent,4,47,IceBridge1Open,,5
2013-03-15 11-00-00 T.JPG,Waxing Crescent,3,48,IceBridge1Open,,5
2013-03-16 11-00-00 T.JPG,Waxing Crescent,-1,48,IceBridge1Open,,6
2013-01-11 16-00-00 T.JPG,New Moon,14,35,McElle1Closed,,1
2013-01-12 12-00-00 T.JPG,New Moon,-8,35,McElle1Closed,,1
2013-01-13 12-00-00 T.JPG,New Moon,-25,35,McElle1Closed,,1
2013-01-14 12-00-00 T.JPG,Waxing Crescent,4,35,McElle1Closed,,1
2013-01-15 12-00-00 T.JPG,Waxing Crescent,3,38,McElle1Closed,,1
2013-01-16 12-00-00 T.JPG,Waxing Crescent,-3,38,McElle1Closed,,2
2013-01-17 12-00-00 T.JPG,Waxing Crescent,-8,38,McElle1Closed,,2
2013-01-18 12-00-00 T.JPG,First Quarter,2,40,McElle1Closed,,2
2013-01-19 12-00-00 T.JPG,First Quarter,-13,40,McElle1Closed,,2
2013-01-20 12-00-00 T.JPG,First Quarter,-21,41,McElle1Closed,,2
2013-01-21 12-00-00 T.JPG,Waxing Gibbous,-16,41,McElle1Closed,,2
2013-01-22 12-00-00 T.JPG,Waxing Gibbous,-16,40,McElle1Closed,,2
2013-01-23 12-00-00 T.JPG,Waxing Gibbous,-25,40,McElle1Closed,,2
2013-01-24 12-00-00 T.JPG,Waxing Gibbous,-1,46,McElle1Closed,,2
2013-01-25 12-00-00 T.JPG,Full Moon,-2,46,McElle1Closed,,2
2013-01-26 12-00-00 T.JPG,Full Moon,6,45,McElle1Closed,,2
2013-01-27 12-00-00 T.JPG,Full Moon,3,45,McElle1Closed,,2
2013-01-28 12-00-00 T.JPG,Full Moon,-8,47,McElle1Closed,,2
2013-01-29 12-00-00 T.JPG,Waning Gibbous,-21,47,McElle1Closed,,2
2013-01-30 12-00-00 T.JPG,Waning Gibbous,-24,47,McElle1Closed,,2
2013-01-31 12-00-00 T.JPG,Waning Gibbous,-17,47,McElle1Closed,,2
2013-02-01 12-00-00 T.JPG,Last Quarter,-10,48,McElle1Closed,,3
2013-02-02 12-00-00 T.JPG,Last Quarter,-1,54,McElle1Closed,,3
2013-02-03 12-00-00 T.JPG,Last Quarter,-1,54,McElle1Closed,,3
2013-02-04 12-00-00 T.JPG,Last Quarter,10,60,McElle1Closed,,3
2013-02-05 12-00-00 T.JPG,Waning Crescent,4,60,McElle1Closed,,3
2013-02-06 12-00-00 T.JPG,Waning Crescent,0,69,McElle1Closed,,3
2013-02-07 12-00-00 T.JPG,Waning Crescent,15,57,McElle1Closed,,3
2013-02-08 12-00-00 T.JPG,Waning Crescent,22,55,McElle1Closed,,3
2013-02-09 12-00-00 T.JPG,New Moon,22,55,McElle1Closed,,3
2013-02-10 12-00-00 T.JPG,New Moon,14,55,McElle1Closed,,3
2013-02-11 12-00-00 T.JPG,New Moon,35,51,McElle1Closed,,3
2013-02-12 12-00-00 T.JPG,New Moon,28,50,McElle1Closed,,3
2013-02-13 12-00-00 T.JPG,Waxing Crescent,22,48,McElle1Closed,,3
2013-02-14 12-00-00 T.JPG,Waxing Crescent,21,48,McElle1Closed,,3
2013-02-15 12-00-00 T.JPG,Waxing Crescent,26,47,McElle1Closed,,3
2013-02-16 12-00-00 T.JPG,First Quarter,36,47,McElle1Closed,,4
2013-02-17 12-00-00 T.JPG,First Quarter,11,45,McElle1Closed,,4
2013-02-18 12-00-00 T.JPG,First Quarter,11,45,McElle1Closed,,4
2013-02-19 12-00-00 T.JPG,First Quarter,6,45,McElle1Closed,,4
2013-02-20 12-00-00 T.JPG,Waxing Gibbous,10,50,McElle1Closed,,4
2013-02-21 12-00-00 T.JPG,Waxing Gibbous,20,50,McElle1Closed,,4
2013-02-22 12-00-00 T.JPG,Waxing Gibbous,23,50,McElle1Closed,,4
2013-02-23 12-00-00 T.JPG,Waxing Gibbous,27,50,McElle1Closed,,4
2013-02-24 12-00-00 T.JPG,Full Moon,24,45,McElle1Closed,,4
2013-02-25 12-00-00 T.JPG,Full Moon,26,45,McElle1Closed,,4
2013-02-26 12-00-00 T.JPG,Full Moon,14,45,McElle1Closed,,4
2013-02-27 12-00-00 T.JPG,Waning Gibbous,17,42,McElle1Closed,,4
2013-02-28 12-00-00 T.JPG,Waning Gibbous,28,45,McElle1Closed,,4
2013-03-01 12-00-00 T.JPG,Waning Gibbous,35,45,McElle1Closed,,5
2013-03-02 12-00-00 T.JPG,Waning Gibbous,40,41,McElle1Closed,,5
2013-03-03 12-00-00 T.JPG,Last Quarter,24,41,McElle1Closed,,5
2013-03-04 12-00-00 T.JPG,Last Quarter,19,40,McElle1Closed,,5
2013-03-05 12-00-00 T.JPG,Last Quarter,19,40,McElle1Closed,,5
2013-03-06 12-00-00 T.JPG,Last Quarter,13,42,McElle1Closed,,5
2013-03-07 12-00-00 T.JPG,Waning Crescent,8,42,McElle1Closed,,5
2013-03-08 12-00-00 T.JPG,Waning Crescent,20,42,McElle1Closed,,5
2013-03-09 12-00-00 T.JPG,Waning Crescent,16,42,McElle1Closed,,5
2013-03-10 12-00-00 T.JPG,New Moon,25,42,McElle1Closed,,5
2013-03-11 12-00-00 T.JPG,New Moon,23,42,McElle1Closed,,5
2013-03-12 12-00-00 T.JPG,New Moon,16,41,McElle1Closed,,5
2013-03-13 12-00-00 T.JPG,New Moon,1,43,McElle1Closed,,5
2013-03-14 12-00-00 T.JPG,Waxing Crescent,9,43,McElle1Closed,,5
2013-03-15 12-00-00 T.JPG,Waxing Crescent,7,43,McElle1Closed,,5
2013-03-16 09-00-00 T.JPG,Waxing Crescent,-18,43,McElle1Closed,,6
2013-01-11 16-00-00 T.JPG,New Moon,10,40,McElle1Open,,1
2013-01-12 12-00-00 T.JPG,New Moon,-9,40,McElle1Open,,1
2013-01-13 12-00-00 T.JPG,New Moon,-26,40,McElle1Open,,1
2013-01-14 12-00-00 T.JPG,Waxing Crescent,5,40,McElle1Open,,1
2013-01-15 12-00-00 T.JPG,Waxing Crescent,3,43,McElle1Open,,1
2013-01-16 12-00-00 T.JPG,Waxing Crescent,-4,44,McElle1Open,,2
2013-01-17 12-00-00 T.JPG,Waxing Crescent,-6,44,McElle1Open,,2
2013-01-18 12-00-00 T.JPG,First Quarter,3,47,McElle1Open,,2
2013-01-19 12-00-00 T.JPG,First Quarter,-11,47,McElle1Open,,2
2013-02-21 15-00-00 T.JPG,Waxing Gibbous,29,55,McElle1Open,,4
2013-02-22 12-00-00 T.JPG,Waxing Gibbous,24,55,McElle1Open,,4
2013-02-23 12-00-00 T.JPG,Waxing Gibbous,29,54,McElle1Open,,4
2013-02-24 12-00-00 T.JPG,Full Moon,24,54,McElle1Open,,4
2013-02-25 12-00-00 T.JPG,Full Moon,24,53,McElle1Open,,4
2013-02-26 12-00-00 T.JPG,Full Moon,17,52,McElle1Open,,4
2013-02-27 12-00-00 T.JPG,Waning Gibbous,20,52,McElle1Open,,4
2013-02-28 12-00-00 T.JPG,Waning Gibbous,28,51,McElle1Open,,4
2013-03-01 12-00-00 T.JPG,Waning Gibbous,39,51,McElle1Open,,5
2013-03-02 12-00-00 T.JPG,Waning Gibbous,35,50,McElle1Open,,5
2013-03-03 12-00-00 T.JPG,Last Quarter,24,49,McElle1Open,,5
2013-03-04 12-00-00 T.JPG,Last Quarter,23,49,McElle1Open,,5
2013-03-05 12-00-00 T.JPG,Last Quarter,23,49,McElle1Open,,5
2013-03-06 12-00-00 T.JPG,Last Quarter,9,50,McElle1Open,,5
2013-03-07 12-00-00 T.JPG,Waning Crescent,6,50,McElle1Open,,5
2013-03-08 12-00-00 T.JPG,Waning Crescent,18,50,McElle1Open,,5
2013-03-09 12-00-00 T.JPG,Waning Crescent,18,49,McElle1Open,,5
2013-03-10 12-00-00 T.JPG,New Moon,29,49,McElle1Open,,5
2013-03-11 12-00-00 T.JPG,New Moon,25,49,McElle1Open,,5
2013-03-12 12-00-00 T.JPG,New Moon,16,48,McElle1Open,,5
2013-03-13 12-00-00 T.JPG,New Moon,1,54,McElle1Open,,5
2013-03-14 12-00-00 T.JPG,Waxing Crescent,0,55,McElle1Open,,5
2013-03-15 12-00-00 T.JPG,Waxing Crescent,2,55,McElle1Open,,5
2013-03-16 09-00-00 T.JPG,Waxing Crescent,-17,55,McElle1Open,,6
2013-01-11 16-00-00 T.JPG,New Moon,13,20,McElle2Closed,,1
2013-01-12 12-00-00 T.JPG,New Moon,-6,20,McElle2Closed,,1
2013-02-22 12-00-00 T.JPG,Waxing Gibbous,24,40,McElle2Closed,,4
2013-02-23 12-00-00 T.JPG,Waxing Gibbous,32,40,McElle2Closed,,4
2013-02-24 12-00-00 T.JPG,Full Moon,28,40,McElle2Closed,,4
2013-02-25 12-00-00 T.JPG,Full Moon,31,40,McElle2Closed,,4
2013-02-26 12-00-00 T.JPG,Full Moon,19,38,McElle2Closed,,4
2013-03-03 12-00-00 T.JPG,Last Quarter,22,36,McElle2Closed,,5
2013-03-04 12-00-00 T.JPG,Last Quarter,23,37,McElle2Closed,,5
2013-03-05 12-00-00 T.JPG,Last Quarter,24,37,McElle2Closed,,5
2013-03-06 12-00-00 T.JPG,Last Quarter,14,39,McElle2Closed,,5
2013-03-07 12-00-00 T.JPG,Waning Crescent,13,38,McElle2Closed,,5
2013-03-08 12-00-00 T.JPG,Waning Crescent,24,37,McElle2Closed,,5
2013-03-09 12-00-00 T.JPG,Waning Crescent,19,37,McElle2Closed,,5
2013-03-10 12-00-00 T.JPG,New Moon,28,37,McElle2Closed,,5
2013-03-11 12-00-00 T.JPG,New Moon,26,37,McElle2Closed,,5
2013-03-12 12-00-00 T.JPG,New Moon,18,37,McElle2Closed,,5
2013-03-13 12-00-00 T.JPG,New Moon,2,39,McElle2Closed,,5
2013-03-14 12-00-00 T.JPG,Waxing Crescent,11,40,McElle2Closed,,5
2013-03-15 12-00-00 T.JPG,Waxing Crescent,12,40,McElle2Closed,,5
2013-03-16 12-00-00 T.JPG,Waxing Crescent,8,40,McElle2Closed,,6
2013-01-11 16-00-00 T.JPG,New Moon,14,20,McElle2Open,,1
2013-01-12 12-00-00 T.JPG,New Moon,-5,20,McElle2Open,,1
2013-01-13 12-00-00 T.JPG,New Moon,-27,20,McElle2Open,,1
2013-01-14 12-00-00 T.JPG,Waxing Crescent,5,20,McElle2Open,,1
2013-01-15 12-00-00 T.JPG,Waxing Crescent,0,22,McElle2Open,,1
2013-01-16 12-00-00 T.JPG,Waxing Crescent,-6,23,McElle2Open,,2
2013-01-17 12-00-00 T.JPG,Waxing Crescent,-6,23,McElle2Open,,2
2013-01-18 12-00-00 T.JPG,First Quarter,1,25,McElle2Open,,2
2013-01-19 12-00-00 T.JPG,First Quarter,-13,25,McElle2Open,,2
2013-01-20 12-00-00 T.JPG,First Quarter,-21,25,McElle2Open,,2
2013-01-21 12-00-00 T.JPG,Waxing Gibbous,-15,25,McElle2Open,,2
2013-01-22 12-00-00 T.JPG,Waxing Gibbous,-14,25,McElle2Open,,2
2013-01-23 12-00-00 T.JPG,Waxing Gibbous,-22,25,McElle2Open,,2
2013-01-24 12-00-00 T.JPG,Waxing Gibbous,-2,30,McElle2Open,,2
2013-01-25 12-00-00 T.JPG,Full Moon,0,30,McElle2Open,,2
2013-01-26 12-00-00 T.JPG,Full Moon,7,30,McElle2Open,,2
2013-01-27 12-00-00 T.JPG,Full Moon,3,30,McElle2Open,,2
2013-01-28 12-00-00 T.JPG,Full Moon,-10,30,McElle2Open,,2
2013-01-29 12-00-00 T.JPG,Waning Gibbous,-18,30,McElle2Open,,2
2013-01-30 12-00-00 T.JPG,Waning Gibbous,-19,28,McElle2Open,,2
2013-02-22 12-00-00 T.JPG,Waxing Gibbous,26,33,McElle2Open,,4
2013-02-23 12-00-00 T.JPG,Waxing Gibbous,36,33,McElle2Open,,4
2013-02-24 12-00-00 T.JPG,Full Moon,31,32,McElle2Open,,4
2013-02-25 12-00-00 T.JPG,Full Moon,39,31,McElle2Open,,4
2013-02-26 12-00-00 T.JPG,Full Moon,18,31,McElle2Open,,4
2013-02-27 12-00-00 T.JPG,Waning Gibbous,21,30,McElle2Open,,4
2013-02-28 12-00-00 T.JPG,Waning Gibbous,31,31,McElle2Open,,4
2013-03-01 12-00-00 T.JPG,Waning Gibbous,36,32,McElle2Open,,5
2013-03-02 12-00-00 T.JPG,Waning Gibbous,54,29,McElle2Open,,5
2013-03-03 12-00-00 T.JPG,Last Quarter,20,28,McElle2Open,,5
2013-03-04 12-00-00 T.JPG,Last Quarter,21,28,McElle2Open,,5
2013-03-05 12-00-00 T.JPG,Last Quarter,23,28,McElle2Open,,5
2013-03-06 12-00-00 T.JPG,Last Quarter,11,28,McElle2Open,,5
2013-03-07 12-00-00 T.JPG,Waning Crescent,13,28,McElle2Open,,5
2013-03-08 12-00-00 T.JPG,Waning Crescent,23,28,McElle2Open,,5
2013-03-09 12-00-00 T.JPG,Waning Crescent,17,28,McElle2Open,,5
2013-03-10 12-00-00 T.JPG,New Moon,25,39,McElle2Open,,5
2013-03-11 12-00-00 T.JPG,New Moon,23,29,McElle2Open,,5
2013-03-12 12-00-00 T.JPG,New Moon,15,29,McElle2Open,,5
2013-03-13 12-00-00 T.JPG,New Moon,-1,29,McElle2Open,,5
2013-03-14 12-00-00 T.JPG,Waxing Crescent,10,29,McElle2Open,,5
2013-03-15 12-00-00 T.JPG,Waxing Crescent,8,29,McElle2Open,,5
2013-03-16 12-00-00 T.JPG,Waxing Crescent,5,29,McElle2Open,,6
2013-01-08 13-00-00 T.JPG,Waning Crescent,27,38,McKayOpen,,1
2013-01-09 12-00-00 T.JPG,Waning Crescent,9,38,McKayOpen,,1
2013-01-10 12-00-00 T.JPG,New Moon,-8,38,McKayOpen,,1
2013-01-11 12-00-00 T.JPG,New Moon,8,38,McKayOpen,,1
2013-01-12 12-00-00 T.JPG,New Moon,-5,38,McKayOpen,,1
2013-01-13 12-00-00 T.JPG,New Moon,-8,38,McKayOpen,,1
2013-01-14 12-00-00 T.JPG,Waxing Crescent,9,37,McKayOpen,,1
2013-01-15 12-00-00 T.JPG,Waxing Crescent,6,40,McKayOpen,,1
2013-01-16 12-00-00 T.JPG,Waxing Crescent,0,42,McKayOpen,,2
2013-01-17 12-00-00 T.JPG,Waxing Crescent,-4,42,McKayOpen,,2
2013-01-18 12-00-00 T.JPG,First Quarter,3,49,McKayOpen,,2
2013-01-19 12-00-00 T.JPG,First Quarter,-8,49,McKayOpen,,2
2013-01-20 12-00-00 T.JPG,First Quarter,-15,49,McKayOpen,,2
2013-01-21 12-00-00 T.JPG,Waxing Gibbous,-7,49,McKayOpen,,2
2013-01-22 12-00-00 T.JPG,Waxing Gibbous,-7,48,McKayOpen,,2
2013-01-23 12-00-00 T.JPG,Waxing Gibbous,-17,47,McKayOpen,,2
2013-01-24 12-00-00 T.JPG,Waxing Gibbous,1,52,McKayOpen,,2
2013-01-25 12-00-00 T.JPG,Full Moon,3,52,McKayOpen,,2
2013-01-26 12-00-00 T.JPG,Full Moon,9,54,McKayOpen,,2
2013-01-27 12-00-00 T.JPG,Full Moon,9,54,McKayOpen,,2
2013-01-28 12-00-00 T.JPG,Full Moon,-8,59,McKayOpen,,2
2013-01-29 12-00-00 T.JPG,Waning Gibbous,-20,59,McKayOpen,,2
2013-01-30 12-00-00 T.JPG,Waning Gibbous,-20,59,McKayOpen,,2
2013-01-31 12-00-00 T.JPG,Waning Gibbous,-10,59,McKayOpen,,2
2013-02-01 12-00-00 T.JPG,Last Quarter,2,59,McKayOpen,,3
2013-02-02 12-00-00 T.JPG,Last Quarter,0,63,McKayOpen,,3
2013-02-03 12-00-00 T.JPG,Last Quarter,0,68,McKayOpen,,3
2013-02-04 12-00-00 T.JPG,Last Quarter,11,70,McKayOpen,,3
2013-02-05 12-00-00 T.JPG,Waning Crescent,6,70,McKayOpen,,3
2013-02-06 12-00-00 T.JPG,Waning Crescent,8,68,McKayOpen,,3
2013-02-07 12-00-00 T.JPG,Waning Crescent,23,67,McKayOpen,,3
2013-02-08 12-00-00 T.JPG,Waning Crescent,25,66,McKayOpen,,3
2013-02-09 12-00-00 T.JPG,New Moon,28,65,McKayOpen,,3
2013-02-10 12-00-00 T.JPG,New Moon,20,63,McKayOpen,,3
2013-02-11 12-00-00 T.JPG,New Moon,38,60,McKayOpen,,3
2013-02-12 12-00-00 T.JPG,New Moon,36,60,McKayOpen,,3
2013-02-13 12-00-00 T.JPG,Waxing Crescent,22,59,McKayOpen,,3
2013-02-14 12-00-00 T.JPG,Waxing Crescent,27,58,McKayOpen,,3
2013-02-15 12-00-00 T.JPG,Waxing Crescent,31,57,McKayOpen,,3
2013-02-16 12-00-00 T.JPG,First Quarter,46,55,McKayOpen,,4
2013-02-17 12-00-00 T.JPG,First Quarter,14,55,McKayOpen,,4
2013-02-18 12-00-00 T.JPG,First Quarter,14,54,McKayOpen,,4
2013-02-19 12-00-00 T.JPG,First Quarter,7,57,McKayOpen,,4
2013-02-20 12-00-00 T.JPG,Waxing Gibbous,18,59,McKayOpen,,4
2013-02-21 12-00-00 T.JPG,Waxing Gibbous,24,58,McKayOpen,,4
2013-02-22 12-00-00 T.JPG,Waxing Gibbous,26,57,McKayOpen,,4
2013-02-23 12-00-00 T.JPG,Waxing Gibbous,32,55,McKayOpen,,4
2013-02-24 12-00-00 T.JPG,Full Moon,31,55,McKayOpen,,4
2013-02-25 12-00-00 T.JPG,Full Moon,32,55,McKayOpen,,4
2013-02-26 12-00-00 T.JPG,Full Moon,27,55,McKayOpen,,4
2013-02-27 12-00-00 T.JPG,Waning Gibbous,29,54,McKayOpen,,4
2013-02-28 12-00-00 T.JPG,Waning Gibbous,37,54,McKayOpen,,4
2013-03-01 12-00-00 T.JPG,Waning Gibbous,42,54,McKayOpen,,5
2013-03-02 12-00-00 T.JPG,Waning Gibbous,43,52,McKayOpen,,5
2013-03-03 12-00-00 T.JPG,Last Quarter,27,52,McKayOpen,,5
2013-03-04 12-00-00 T.JPG,Last Quarter,25,52,McKayOpen,,5
2013-03-05 12-00-00 T.JPG,Last Quarter,31,52,McKayOpen,,5
2013-03-06 12-00-00 T.JPG,Last Quarter,9,51,McKayOpen,,5
2013-03-07 12-00-00 T.JPG,Waning Crescent,10,51,McKayOpen,,5
2013-03-08 12-00-00 T.JPG,Waning Crescent,28,51,McKayOpen,,5
2013-03-09 12-00-00 T.JPG,Waning Crescent,23,51,McKayOpen,,5
2013-03-10 12-00-00 T.JPG,New Moon,44,51,McKayOpen,,5
2013-03-11 12-00-00 T.JPG,New Moon,34,55,McKayOpen,,5
2013-03-12 12-00-00 T.JPG,New Moon,27,55,McKayOpen,,5
2013-03-13 11-00-00 T.JPG,New Moon,0,55,McKayOpen,,5
2013-03-14 12-00-00 T.JPG,Waxing Crescent,5,55,McKayOpen,,5
2013-03-15 12-00-00 T.JPG,Waxing Crescent,7,56,McKayOpen,,5
2013-03-16 12-00-00 T.JPG,Waxing Crescent,8,56,McKayOpen,,6
2013-03-17 12-00-00 T.JPG,Waxing Crescent,17,57,McKayOpen,,6
2013-03-18 12-00-00 T.JPG,First Quarter,22,57,McKayOpen,,6
2013-03-19 12-00-00 T.JPG,First Quarter,28,56,McKayOpen,,6
2013-01-12 16-00-00 T.JPG,New Moon,1,26,SAthClosed,,1
2013-01-13 12-00-00 T.JPG,New Moon,-9,26,SAthClosed,,1
2013-01-14 12-00-00 T.JPG,Waxing Crescent,4,26,SAthClosed,,1
2013-01-15 12-00-00 T.JPG,Waxing Crescent,10,29,SAthClosed,,1
2013-01-16 12-00-00 T.JPG,Waxing Crescent,2,32,SAthClosed,,2
2013-01-17 12-00-00 T.JPG,Waxing Crescent,-6,32,SAthClosed,,2
2013-01-18 12-00-00 T.JPG,First Quarter,5,35,SAthClosed,,2
2013-01-19 12-00-00 T.JPG,First Quarter,-14,35,SAthClosed,,2
2013-01-20 12-00-00 T.JPG,First Quarter,-18,36,SAthClosed,,2
2013-01-21 12-00-00 T.JPG,Waxing Gibbous,-14,36,SAthClosed,,2
2013-01-22 12-00-00 T.JPG,Waxing Gibbous,-12,36,SAthClosed,,2
2013-01-23 12-00-00 T.JPG,Waxing Gibbous,-20,36,SAthClosed,,2
2013-01-24 12-00-00 T.JPG,Waxing Gibbous,1,52,SAthClosed,,2
2013-01-25 12-00-00 T.JPG,Full Moon,-4,50,SAthClosed,,2
2013-01-26 12-00-00 T.JPG,Full Moon,11,48,SAthClosed,,2
2013-01-27 12-00-00 T.JPG,Full Moon,7,45,SAthClosed,,2
2013-01-28 12-00-00 T.JPG,Full Moon,-4,48,SAthClosed,,2
2013-01-29 12-00-00 T.JPG,Waning Gibbous,-17,50,SAthClosed,,2
2013-01-30 12-00-00 T.JPG,Waning Gibbous,-18,50,SAthClosed,,2
2013-01-31 12-00-00 T.JPG,Waning Gibbous,-18,49,SAthClosed,,2
2013-02-01 12-00-00 T.JPG,Last Quarter,1,46,SAthClosed,,3
2013-02-02 12-00-00 T.JPG,Last Quarter,2,49,SAthClosed,,3
2013-02-03 12-00-00 T.JPG,Last Quarter,5,52,SAthClosed,,3
2013-02-04 12-00-00 T.JPG,Last Quarter,12,54,SAthClosed,,3
2013-02-05 12-00-00 T.JPG,Waning Crescent,10,52,SAthClosed,,3
2013-02-06 12-00-00 T.JPG,Waning Crescent,9,50,SAthClosed,,3
2013-02-07 12-00-00 T.JPG,Waning Crescent,19,50,SAthClosed,,3
2013-02-08 12-00-00 T.JPG,Waning Crescent,27,47,SAthClosed,,3
2013-02-09 12-00-00 T.JPG,New Moon,28,49,SAthClosed,,3
2013-02-10 12-00-00 T.JPG,New Moon,21,46,SAthClosed,,3
2013-02-11 12-00-00 T.JPG,New Moon,35,45,SAthClosed,,3
2013-02-12 12-00-00 T.JPG,New Moon,35,43,SAthClosed,,3
2013-02-13 12-00-00 T.JPG,Waxing Crescent,23,43,SAthClosed,,3
2013-02-14 12-00-00 T.JPG,Waxing Crescent,24,42,SAthClosed,,3
2013-02-15 12-00-00 T.JPG,Waxing Crescent,24,42,SAthClosed,,3
2013-02-16 12-00-00 T.JPG,First Quarter,36,41,SAthClosed,,4
2013-02-17 12-00-00 T.JPG,First Quarter,18,NA,SAthClosed,,4
2013-02-18 12-00-00 T.JPG,First Quarter,14,40,SAthClosed,,4
2013-02-19 12-00-00 T.JPG,First Quarter,9,42,SAthClosed,,4
2013-02-20 12-00-00 T.JPG,Waxing Gibbous,18,45,SAthClosed,,4
2013-02-21 12-00-00 T.JPG,Waxing Gibbous,22,44,SAthClosed,,4
2013-02-22 12-00-00 T.JPG,Waxing Gibbous,28,41,SAthClosed,,4
2013-02-23 12-00-00 T.JPG,Waxing Gibbous,40,40,SAthClosed,,4
2013-02-24 12-00-00 T.JPG,Full Moon,31,40,SAthClosed,,4
2013-02-25 12-00-00 T.JPG,Full Moon,33,40,SAthClosed,,4
2013-02-26 12-00-00 T.JPG,Full Moon,25,40,SAthClosed,,4
2013-02-27 12-00-00 T.JPG,Waning Gibbous,30,40,SAthClosed,,4
2013-02-28 12-00-00 T.JPG,Waning Gibbous,30,39,SAthClosed,,4
2013-03-01 12-00-00 T.JPG,Waning Gibbous,48,38,SAthClosed,,5
2013-03-02 12-00-00 T.JPG,Waning Gibbous,43,36,SAthClosed,,5
2013-03-03 12-00-00 T.JPG,Last Quarter,32,35,SAthClosed,,5
2013-03-04 12-00-00 T.JPG,Last Quarter,24,35,SAthClosed,,5
2013-03-05 12-00-00 T.JPG,Last Quarter,26,35,SAthClosed,,5
2013-03-06 12-00-00 T.JPG,Last Quarter,15,35,SAthClosed,,5
2013-03-07 12-00-00 T.JPG,Waning Crescent,13,35,SAthClosed,,5
2013-03-08 12-00-00 T.JPG,Waning Crescent,29,35,SAthClosed,,5
2013-03-09 12-00-00 T.JPG,Waning Crescent,26,35,SAthClosed,,5
2013-03-10 12-00-00 T.JPG,New Moon,40,35,SAthClosed,,5
2013-03-11 12-00-00 T.JPG,New Moon,33,35,SAthClosed,,5
2013-03-12 12-00-00 T.JPG,New Moon,31,35,SAthClosed,,5
2013-03-13 12-00-00 T.JPG,New Moon,5,38,SAthClosed,,5
2013-03-14 12-00-00 T.JPG,Waxing Crescent,12,40,SAthClosed,,5
2013-03-15 12-00-00 T.JPG,Waxing Crescent,13,41,SAthClosed,,5
2013-03-16 12-00-00 T.JPG,Waxing Crescent,9,40,SAthClosed,,6
2013-03-17 12-00-00 T.JPG,Waxing Crescent,17,40,SAthClosed,,6
2013-03-18 12-00-00 T.JPG,First Quarter,22,40,SAthClosed,,6
2013-03-19 12-00-00 T.JPG,First Quarter,28,40,SAthClosed,,6
2013-03-20 12-00-00 T.JPG,First Quarter,29,40,SAthClosed,,6
2013-01-12 15-00-00 T.JPG,New Moon,19,15,SAthOpen,,1
2013-01-13 12-00-00 T.JPG,New Moon,-9,15,SAthOpen,,1
2013-01-14 12-00-00 T.JPG,Waxing Crescent,3,15,SAthOpen,,1
2013-01-15 12-00-00 T.JPG,Waxing Crescent,10,20,SAthOpen,,1
2013-01-16 12-00-00 T.JPG,Waxing Crescent,1,22,SAthOpen,,2
2013-01-17 12-00-00 T.JPG,Waxing Crescent,-7,22,SAthOpen,,2
2013-01-18 12-00-00 T.JPG,First Quarter,4,25,SAthOpen,,2
2013-01-19 12-00-00 T.JPG,First Quarter,-14,25,SAthOpen,,2
2013-01-20 12-00-00 T.JPG,First Quarter,-20,25,SAthOpen,,2
2013-01-21 12-00-00 T.JPG,Waxing Gibbous,-15,24,SAthOpen,,2
2013-01-22 12-00-00 T.JPG,Waxing Gibbous,-13,23,SAthOpen,,2
2013-01-23 12-00-00 T.JPG,Waxing Gibbous,-20,23,SAthOpen,,2
2013-01-24 12-00-00 T.JPG,Waxing Gibbous,1,39,SAthOpen,,2
2013-01-25 12-00-00 T.JPG,Full Moon,-5,35,SAthOpen,,2
2013-01-26 12-00-00 T.JPG,Full Moon,10,34,SAthOpen,,2
2013-01-27 12-00-00 T.JPG,Full Moon,5,32,SAthOpen,,2
2013-01-28 12-00-00 T.JPG,Full Moon,-4,33,SAthOpen,,2
2013-01-29 12-00-00 T.JPG,Waning Gibbous,-17,34,SAthOpen,,2
2013-01-30 12-00-00 T.JPG,Waning Gibbous,-20,33,SAthOpen,,2
2013-01-31 12-00-00 T.JPG,Waning Gibbous,-19,32,SAthOpen,,2
2013-02-01 12-00-00 T.JPG,Last Quarter,-1,32,SAthOpen,,3
2013-02-02 12-00-00 T.JPG,Last Quarter,1,35,SAthOpen,,3
2013-02-03 12-00-00 T.JPG,Last Quarter,4,36,SAthOpen,,3
2013-02-04 12-00-00 T.JPG,Last Quarter,11,37,SAthOpen,,3
2013-02-05 12-00-00 T.JPG,Waning Crescent,9,36,SAthOpen,,3
2013-02-06 12-00-00 T.JPG,Waning Crescent,9,35,SAthOpen,,3
2013-02-07 12-00-00 T.JPG,Waning Crescent,18,35,SAthOpen,,3
2013-02-08 12-00-00 T.JPG,Waning Crescent,27,33,SAthOpen,,3
2013-02-09 12-00-00 T.JPG,New Moon,27,35,SAthOpen,,3
2013-02-10 12-00-00 T.JPG,New Moon,21,34,SAthOpen,,3
2013-02-11 12-00-00 T.JPG,New Moon,34,32,SAthOpen,,3
2013-02-12 12-00-00 T.JPG,New Moon,33,30,SAthOpen,,3
2013-02-13 12-00-00 T.JPG,Waxing Crescent,22,30,SAthOpen,,3
2013-02-14 12-00-00 T.JPG,Waxing Crescent,24,30,SAthOpen,,3
2013-02-15 12-00-00 T.JPG,Waxing Crescent,22,30,SAthOpen,,3
2013-02-16 12-00-00 T.JPG,First Quarter,36,29,SAthOpen,,4
2013-02-17 12-00-00 T.JPG,First Quarter,17,29,SAthOpen,,4
2013-02-18 12-00-00 T.JPG,First Quarter,16,39,SAthOpen,,4
2013-02-19 12-00-00 T.JPG,First Quarter,8,32,SAthOpen,,4
2013-02-20 12-00-00 T.JPG,Waxing Gibbous,19,32,SAthOpen,,4
2013-02-21 12-00-00 T.JPG,Waxing Gibbous,21,30,SAthOpen,,4
2013-02-22 12-00-00 T.JPG,Waxing Gibbous,29,30,SAthOpen,,4
2013-02-23 12-00-00 T.JPG,Waxing Gibbous,37,30,SAthOpen,,4
2013-02-24 12-00-00 T.JPG,Full Moon,34,29,SAthOpen,,4
2013-02-25 12-00-00 T.JPG,Full Moon,36,29,SAthOpen,,4
2013-02-26 12-00-00 T.JPG,Full Moon,26,29,SAthOpen,,4
2013-02-27 12-00-00 T.JPG,Waning Gibbous,27,28,SAthOpen,,4
2013-02-28 12-00-00 T.JPG,Waning Gibbous,32,28,SAthOpen,,4
2013-03-01 12-00-00 T.JPG,Waning Gibbous,48,27,SAthOpen,,5
2013-03-02 12-00-00 T.JPG,Waning Gibbous,46,25,SAthOpen,,5
2013-03-03 12-00-00 T.JPG,Last Quarter,31,25,SAthOpen,,5
2013-03-04 12-00-00 T.JPG,Last Quarter,23,25,SAthOpen,,5
2013-03-05 12-00-00 T.JPG,Last Quarter,24,25,SAthOpen,,5
2013-03-06 12-00-00 T.JPG,Last Quarter,14,25,SAthOpen,,5
2013-03-07 12-00-00 T.JPG,Waning Crescent,14,25,SAthOpen,,5
2013-03-08 12-00-00 T.JPG,Waning Crescent,26,25,SAthOpen,,5
2013-03-09 12-00-00 T.JPG,Waning Crescent,30,25,SAthOpen,,5
2013-03-10 12-00-00 T.JPG,New Moon,38,25,SAthOpen,,5
2013-03-11 12-00-00 T.JPG,New Moon,33,25,SAthOpen,,5
2013-03-12 12-00-00 T.JPG,New Moon,29,25,SAthOpen,,5
2013-03-13 12-00-00 T.JPG,New Moon,3,26,SAthOpen,,5
2013-03-14 12-00-00 T.JPG,Waxing Crescent,15,29,SAthOpen,,5
2013-03-15 12-00-00 T.JPG,Waxing Crescent,12,29,SAthOpen,,5
2013-03-16 12-00-00 T.JPG,Waxing Crescent,8,29,SAthOpen,,6
2013-03-17 12-00-00 T.JPG,Waxing Crescent,22,29,SAthOpen,,6
2013-03-18 12-00-00 T.JPG,First Quarter,24,29,SAthOpen,,6
2013-03-19 12-00-00 T.JPG,First Quarter,31,29,SAthOpen,,6
2013-03-20 12-00-00 T.JPG,First Quarter,28,29,SAthOpen,,6
2013-02-08 11-00-00 T.JPG,Waning Crescent,23,63,SteepbankClosed,,3
2013-02-09 11-00-00 T.JPG,New Moon,23,64,SteepbankClosed,,3
2013-02-10 11-00-00 T.JPG,New Moon,11,64,SteepbankClosed,,3
2013-02-11 11-00-00 T.JPG,New Moon,32,63,SteepbankClosed,,3
2013-02-12 11-00-00 T.JPG,New Moon,18,62,SteepbankClosed,,3
2013-02-13 11-00-00 T.JPG,Waxing Crescent,16,61,SteepbankClosed,,3
2013-02-14 11-00-00 T.JPG,Waxing Crescent,15,63,SteepbankClosed,,3
2013-02-15 11-00-00 T.JPG,Waxing Crescent,25,62,SteepbankClosed,,3
2013-02-16 11-00-00 T.JPG,First Quarter,31,60,SteepbankClosed,,4
2013-02-17 11-00-00 T.JPG,First Quarter,11,60,SteepbankClosed,,4
2013-02-18 11-00-00 T.JPG,First Quarter,5,59,SteepbankClosed,,4
2013-02-19 11-00-00 T.JPG,First Quarter,4,61,SteepbankClosed,,4
2013-02-20 11-00-00 T.JPG,Waxing Gibbous,6,62,SteepbankClosed,,4
2013-02-21 11-00-00 T.JPG,Waxing Gibbous,18,62,SteepbankClosed,,4
2013-02-22 11-00-00 T.JPG,Waxing Gibbous,16,61,SteepbankClosed,,4
2013-02-23 11-00-00 T.JPG,Waxing Gibbous,22,60,SteepbankClosed,,4
2013-02-24 11-00-00 T.JPG,Full Moon,19,59,SteepbankClosed,,4
2013-02-25 11-00-00 T.JPG,Full Moon,13,60,SteepbankClosed,,4
2013-02-26 11-00-00 T.JPG,Full Moon,13,60,SteepbankClosed,,4
2013-02-27 11-00-00 T.JPG,Waning Gibbous,23,59,SteepbankClosed,,4
2013-02-28 11-00-00 T.JPG,Waning Gibbous,22,59,SteepbankClosed,,4
2013-03-01 11-00-00 T.JPG,Waning Gibbous,33,58,SteepbankClosed,,5
2013-03-02 11-00-00 T.JPG,Waning Gibbous,25,55,SteepbankClosed,,5
2013-03-03 11-00-00 T.JPG,Last Quarter,26,55,SteepbankClosed,,5
2013-03-04 11-00-00 T.JPG,Last Quarter,16,55,SteepbankClosed,,5
2013-03-05 11-00-00 T.JPG,Last Quarter,20,55,SteepbankClosed,,5
2013-03-06 11-00-00 T.JPG,Last Quarter,8,55,SteepbankClosed,,5
2013-03-07 11-00-00 T.JPG,Waning Crescent,1,55,SteepbankClosed,,5
2013-03-08 11-00-00 T.JPG,Waning Crescent,17,54,SteepbankClosed,,5
2013-03-09 11-00-00 T.JPG,Waning Crescent,13,55,SteepbankClosed,,5
2013-03-10 11-00-00 T.JPG,New Moon,30,55,SteepbankClosed,,5
2013-03-11 11-00-00 T.JPG,New Moon,23,57,SteepbankClosed,,5
2013-03-12 11-00-00 T.JPG,New Moon,22,56,SteepbankClosed,,5
2013-03-13 11-00-00 T.JPG,New Moon,-1,60,SteepbankClosed,,5
2013-03-14 11-00-00 T.JPG,Waxing Crescent,-5,61,SteepbankClosed,,5
2013-03-15 11-00-00 T.JPG,Waxing Crescent,1,61,SteepbankClosed,,5
2013-03-16 11-00-00 T.JPG,Waxing Crescent,-3,61,SteepbankClosed,,6
2013-03-17 11-00-00 T.JPG,Waxing Crescent,1,61,SteepbankClosed,,6
2013-03-18 11-00-00 T.JPG,First Quarter,4,61,SteepbankClosed,,6
2013-03-19 11-00-00 T.JPG,First Quarter,13,60,SteepbankClosed,,6
2013-03-20 11-00-00 T.JPG,First Quarter,23,60,SteepbankClosed,,6
2013-03-21 11-00-00 T.JPG,First Quarter,17,NA,SteepbankClosed,,6
2013-03-22 11-00-00 T.JPG,Waxing Gibbous,21,69,SteepbankClosed,,6
2013-03-23 11-00-00 T.JPG,Waxing Gibbous,20,70,SteepbankClosed,,6
2013-03-24 11-00-00 T.JPG,Waxing Gibbous,21,69,SteepbankClosed,,6
2013-03-25 11-00-00 T.JPG,Full Moon,27,68,SteepbankClosed,,6
2013-03-26 11-00-00 T.JPG,Full Moon,32,66,SteepbankClosed,,6
2013-03-27 11-00-00 T.JPG,Full Moon,39,65,SteepbankClosed,,6
2013-03-28 11-00-00 T.JPG,Full Moon,36,62,SteepbankClosed,,6
2013-03-29 11-00-00 T.JPG,Waning Gibbous,30,60,SteepbankClosed,,6
2013-03-30 11-00-00 T.JPG,Waning Gibbous,26,60,SteepbankClosed,,6
2013-03-31 11-00-00 T.JPG,Waning Gibbous,33,59,SteepbankClosed,,6
2013-04-01 11-00-00 T.JPG,Last Quarter,28,59,SteepbankClosed,,7
2013-04-02 11-00-00 T.JPG,Last Quarter,39,57,SteepbankClosed,,7
2013-04-03 11-00-00 T.JPG,Last Quarter,29,55,SteepbankClosed,,7
2013-04-04 11-00-00 T.JPG,Last Quarter,28,53,SteepbankClosed,,7
2013-04-05 11-00-00 T.JPG,Waning Crescent,12,54,SteepbankClosed,,7
2013-04-06 11-00-00 T.JPG,Waning Crescent,23,53,SteepbankClosed,,7
2013-04-07 11-00-00 T.JPG,Waning Crescent,19,53,SteepbankClosed,,7
2013-04-08 11-00-00 T.JPG,Waning Crescent,28,52,SteepbankClosed,,7
2013-04-09 11-00-00 T.JPG,New Moon,38,52,SteepbankClosed,,7
2013-04-10 11-00-00 T.JPG,New Moon,40,51,SteepbankClosed,,7
2013-04-11 11-00-00 T.JPG,New Moon,35,49,SteepbankClosed,,7
2013-04-12 11-00-00 T.JPG,New Moon,44,47,SteepbankClosed,,7
2013-04-13 11-00-00 T.JPG,Waxing Crescent,37,45,SteepbankClosed,,7
2013-04-14 11-00-00 T.JPG,Waxing Crescent,41,42,SteepbankClosed,,7
2013-04-15 11-00-00 T.JPG,Waxing Crescent,41,40,SteepbankClosed,,7
2013-04-16 11-00-00 T.JPG,First Quarter,41,38,SteepbankClosed,,NA
2013-04-17 11-00-00 T.JPG,First Quarter,45,35,SteepbankClosed,,NA
2013-04-18 11-00-00 T.JPG,First Quarter,44,33,SteepbankClosed,,NA
2013-04-19 11-00-00 T.JPG,First Quarter,42,31,SteepbankClosed,,NA
2013-04-20 11-00-00 T.JPG,Waxing Gibbous,30,33,SteepbankClosed,,NA
2013-04-21 11-00-00 T.JPG,Waxing Gibbous,30,32,SteepbankClosed,,NA
2013-04-22 11-00-00 T.JPG,Waxing Gibbous,43,25,SteepbankClosed,,NA
2013-04-23 11-00-00 T.JPG,Waxing Gibbous,41,20,SteepbankClosed,,NA
2013-04-24 11-00-00 T.JPG,Full Moon,42,18,SteepbankClosed,,NA
2013-04-25 11-00-00 T.JPG,Full Moon,52,15,SteepbankClosed,,NA
2013-04-26 11-00-00 T.JPG,Full Moon,36,25,SteepbankClosed,,NA
2013-04-27 11-00-00 T.JPG,Waning Gibbous,52,15,SteepbankClosed,,NA
2013-04-28 11-00-00 T.JPG,Waning Gibbous,30,20,SteepbankClosed,,NA
2013-04-29 11-00-00 T.JPG,Waning Gibbous,26,15,SteepbankClosed,,NA
2013-04-30 11-00-00 T.JPG,Waning Gibbous,27,20,SteepbankClosed,,NA
2013-05-01 11-00-00 T.JPG,Last Quarter,38,20,SteepbankClosed,,NA
2013-02-08 11-00-00 T.JPG,Waning Crescent,20,65,SteepbankOpen,,3
2013-02-09 11-00-00 T.JPG,New Moon,24,66,SteepbankOpen,,3
2013-02-10 11-00-00 T.JPG,New Moon,10,66,SteepbankOpen,,3
2013-02-11 11-00-00 T.JPG,New Moon,32,64,SteepbankOpen,,3
2013-02-12 11-00-00 T.JPG,New Moon,19,62,SteepbankOpen,,3
2013-02-13 11-00-00 T.JPG,Waxing Crescent,16,62,SteepbankOpen,,3
2013-02-14 11-00-00 T.JPG,Waxing Crescent,15,62,SteepbankOpen,,3
2013-02-15 11-00-00 T.JPG,Waxing Crescent,24,62,SteepbankOpen,,3
2013-02-16 11-00-00 T.JPG,First Quarter,32,60,SteepbankOpen,,4
2013-02-17 11-00-00 T.JPG,First Quarter,12,60,SteepbankOpen,,4
2013-02-18 11-00-00 T.JPG,First Quarter,5,59,SteepbankOpen,,4
2013-02-19 11-00-00 T.JPG,First Quarter,4,62,SteepbankOpen,,4
2013-02-20 11-00-00 T.JPG,Waxing Gibbous,6,62,SteepbankOpen,,4
2013-02-21 11-00-00 T.JPG,Waxing Gibbous,18,61,SteepbankOpen,,4
2013-02-22 11-00-00 T.JPG,Waxing Gibbous,15,60,SteepbankOpen,,4
2013-02-23 11-00-00 T.JPG,Waxing Gibbous,21,60,SteepbankOpen,,4
2013-02-24 11-00-00 T.JPG,Full Moon,19,59,SteepbankOpen,,4
2013-02-25 11-00-00 T.JPG,Full Moon,12,60,SteepbankOpen,,4
2013-02-26 11-00-00 T.JPG,Full Moon,12,60,SteepbankOpen,,4
2013-02-27 11-00-00 T.JPG,Waning Gibbous,23,59,SteepbankOpen,,4
2013-02-28 11-00-00 T.JPG,Waning Gibbous,22,59,SteepbankOpen,,4
2013-03-01 11-00-00 T.JPG,Waning Gibbous,33,57,SteepbankOpen,,5
2013-03-02 11-00-00 T.JPG,Waning Gibbous,24,55,SteepbankOpen,,5
2013-03-03 11-00-00 T.JPG,Last Quarter,26,55,SteepbankOpen,,5
2013-03-04 11-00-00 T.JPG,Last Quarter,17,55,SteepbankOpen,,5
2013-03-05 11-00-00 T.JPG,Last Quarter,19,54,SteepbankOpen,,5
2013-03-06 11-00-00 T.JPG,Last Quarter,9,55,SteepbankOpen,,5
2013-03-07 11-00-00 T.JPG,Waning Crescent,1,55,SteepbankOpen,,5
2013-03-08 11-00-00 T.JPG,Waning Crescent,17,55,SteepbankOpen,,5
2013-03-09 11-00-00 T.JPG,Waning Crescent,14,55,SteepbankOpen,,5
2013-03-10 11-00-00 T.JPG,New Moon,29,55,SteepbankOpen,,5
2013-03-11 11-00-00 T.JPG,New Moon,23,57,SteepbankOpen,,5
2013-03-12 11-00-00 T.JPG,New Moon,22,57,SteepbankOpen,,5
2013-03-13 11-00-00 T.JPG,New Moon,0,60,SteepbankOpen,,5
2013-03-14 11-00-00 T.JPG,Waxing Crescent,-7,60,SteepbankOpen,,5
2013-03-15 11-00-00 T.JPG,Waxing Crescent,1,60,SteepbankOpen,,5
2013-03-16 11-00-00 T.JPG,Waxing Crescent,-2,60,SteepbankOpen,,6
2013-03-17 11-00-00 T.JPG,Waxing Crescent,0,60,SteepbankOpen,,6
2013-03-18 11-00-00 T.JPG,First Quarter,4,60,SteepbankOpen,,6
2013-03-19 11-00-00 T.JPG,First Quarter,12,59,SteepbankOpen,,6
2013-03-20 11-00-00 T.JPG,First Quarter,24,59,SteepbankOpen,,6
2013-03-21 11-00-00 T.JPG,First Quarter,17,61,SteepbankOpen,,6
2013-03-22 11-00-00 T.JPG,Waxing Gibbous,21,68,SteepbankOpen,,6
2013-03-23 11-00-00 T.JPG,Waxing Gibbous,21,68,SteepbankOpen,,6
2013-03-24 11-00-00 T.JPG,Waxing Gibbous,21,66,SteepbankOpen,,6
2013-03-25 11-00-00 T.JPG,Full Moon,25,65,SteepbankOpen,,6
2013-03-26 11-00-00 T.JPG,Full Moon,30,64,SteepbankOpen,,6
2013-03-27 11-00-00 T.JPG,Full Moon,38,63,SteepbankOpen,,6
2013-03-28 11-00-00 T.JPG,Full Moon,37,59,SteepbankOpen,,6
2013-03-29 11-00-00 T.JPG,Waning Gibbous,32,56,SteepbankOpen,,6
2013-03-30 11-00-00 T.JPG,Waning Gibbous,27,55,SteepbankOpen,,6
2013-03-31 11-00-00 T.JPG,Waning Gibbous,35,55,SteepbankOpen,,6
2013-04-01 11-00-00 T.JPG,Last Quarter,30,55,SteepbankOpen,,7
2013-04-02 11-00-00 T.JPG,Last Quarter,39,53,SteepbankOpen,,7
2013-04-03 11-00-00 T.JPG,Last Quarter,30,49,SteepbankOpen,,7
2013-04-04 11-00-00 T.JPG,Last Quarter,28,49,SteepbankOpen,,7
2013-04-05 11-00-00 T.JPG,Waning Crescent,14,50,SteepbankOpen,,7
2013-04-06 11-00-00 T.JPG,Waning Crescent,24,49,SteepbankOpen,,7
2013-04-07 11-00-00 T.JPG,Waning Crescent,19,47,SteepbankOpen,,7
2013-04-08 11-00-00 T.JPG,Waning Crescent,27,47,SteepbankOpen,,7
2013-04-09 11-00-00 T.JPG,New Moon,38,47,SteepbankOpen,,7
2013-04-10 11-00-00 T.JPG,New Moon,39,45,SteepbankOpen,,7
2013-04-11 11-00-00 T.JPG,New Moon,35,44,SteepbankOpen,,7
2013-04-12 11-00-00 T.JPG,New Moon,45,43,SteepbankOpen,,7
2013-04-13 11-00-00 T.JPG,Waxing Crescent,39,40,SteepbankOpen,,7
2013-04-14 11-00-00 T.JPG,Waxing Crescent,42,38,SteepbankOpen,,7
2013-04-15 11-00-00 T.JPG,Waxing Crescent,42,36,SteepbankOpen,,7
2013-04-16 11-00-00 T.JPG,First Quarter,43,34,SteepbankOpen,,NA
2013-04-17 11-00-00 T.JPG,First Quarter,50,32,SteepbankOpen,,NA
2013-04-18 11-00-00 T.JPG,First Quarter,47,20,SteepbankOpen,,NA
2013-04-19 11-00-00 T.JPG,First Quarter,42,20,SteepbankOpen,,NA
2013-04-20 11-00-00 T.JPG,Waxing Gibbous,31,29,SteepbankOpen,,NA
2013-04-21 11-00-00 T.JPG,Waxing Gibbous,35,29,SteepbankOpen,,NA
2013-04-22 11-00-00 T.JPG,Waxing Gibbous,45,29,SteepbankOpen,,NA
2013-04-23 11-00-00 T.JPG,Waxing Gibbous,41,23,SteepbankOpen,,NA
2013-04-24 11-00-00 T.JPG,Full Moon,45,22,SteepbankOpen,,NA
2013-04-25 11-00-00 T.JPG,Full Moon,54,18,SteepbankOpen,,NA
2013-04-26 11-00-00 T.JPG,Full Moon,35,25,SteepbankOpen,,NA
2013-04-27 11-00-00 T.JPG,Waning Gibbous,54,20,SteepbankOpen,,NA
2013-04-28 11-00-00 T.JPG,Waning Gibbous,34,22,SteepbankOpen,,NA
2013-04-29 11-00-00 T.JPG,Waning Gibbous,28,15,SteepbankOpen,,NA
2013-04-30 11-00-00 T.JPG,Waning Gibbous,28,15,SteepbankOpen,,NA
2013-05-01 11-00-00 T.JPG,Last Quarter,39,13,SteepbankOpen,,NA